2.18784134631278e-06, 4.981987444807601e-07, 0.030999302864074707, 0
4.397634256747551e-05, 5.34809150849469e-05, 0.031008316203951836, 0
8.879621600499377e-05, 0.0002543430309742689, 0.03202235326170921, 0
1.5222086403809953e-05, 8.413244358962402e-05, 0.032047126442193985, 0
0.00011113934306195006, 8.835760672809556e-05, 0.03204410895705223, 0
0.0002621190214995295, 0.00030660396441817284, 0.03205491602420807, 0
-8.488100138492882e-05, 0.0007454532315023243, 0.031375955790281296, 0
4.495953908190131e-05, 0.00041601364500820637, 0.03132785111665726, 0
5.686720396624878e-05, 0.0001469861454097554, 0.031517136842012405, 0
0.0005226350040175021, 0.0001288176135858521, 0.03149142488837242, 0
0.00022607078426517546, 0.0004525590920820832, 0.0314648300409317, 0
0.0002427576546324417, 0.00027459539705887437, 0.030840329825878143, 0
0.00025203957920894027, -0.00013114047760609537, 0.030739929527044296, 0
3.9889608160592616e-05, 0.0011277819285169244, 0.030360298231244087, 0
0.0002594648685771972, 0.0004870629054494202, 0.030241355299949646, 0
-0.0006289031007327139, 7.276824180735275e-05, 0.03047776408493519, 0
6.008430773363216e-06, 0.0004860233166255057, 0.030396323651075363, 0
-0.00039958677371032536, 0.0008690930553711951, 0.03099345974624157, 0
-0.00020121538545936346, 0.001511109760031104, 0.030987519770860672, 0
-0.00040735414950177073, 0.001529885921627283, 0.03174961730837822, 0
-0.0003989504184573889, 0.001054901978932321, 0.03183131664991379, 0
-0.00040248685400001705, 0.0002325862878933549, 0.03194551169872284, 0
-0.00018337657093070447, 0.0006317288498394191, 0.03205396234989166, 0
5.428113945527002e-05, 0.0003894234832841903, 0.03213430568575859, 0
-0.0005943725700490177, 0.0012622106587514281, 0.03257336840033531, 0
-0.0010279931593686342, 0.0012676888145506382, 0.032696906477212906, 0
-0.0005937397945672274, 0.0014790844870731235, 0.0321144163608551, 0
-0.0010471068089827895, 0.001945973839610815, 0.032154686748981476, 0
-0.0008227266953326762, 0.001477921032346785, 0.03213133290410042, 0
-0.0005885766004212201, 0.0017084948485717177, 0.0321822315454483, 0
-0.0010875138686969876, 0.002490112790837884, 0.031318437308073044, 0
-0.0005695237196050584, 0.0011899812379851937, 0.03125810995697975, 0
-0.0008416571654379368, 0.001966936979442835, 0.031100362539291382, 0
-0.00031182554084807634, 0.0016947041731327772, 0.031018881127238274, 0
-0.0012850980274379253, 0.0011858852813020349, 0.030247153714299202, 0
-0.0012846728786826134, 0.0018890856299549341, 0.030086548998951912, 0
-0.001045619254000485, 0.001184547203592956, 0.02995235286653042, 0
-0.0008027777075767517, 0.0019091586582362652, 0.029793942347168922, 0
-0.001284352270886302, 0.001430536969564855, 0.029632123187184334, 0
-0.001287825987674296, 0.0021714589092880487, 0.03048602119088173, 0
-0.0007856005686335266, 0.00211198627948761, 0.030427027493715286, 0
-0.0007923055673018098, 0.0021210534032434225, 0.03142492100596428, 0
-0.0007948288111947477, 0.0009685123222880065, 0.03147561848163605, 0
-0.0010304957395419478, 0.0019151531159877777, 0.03213227167725563, 0
-0.00018498698773328215, 0.0016703179571777582, 0.03227939084172249, 0
-0.0003942410694435239, 0.0016756374388933182, 0.0318545438349247, 0
-0.00016989040886983275, 0.00010823582852026448, 0.03192470222711563, 0
-0.00016882683848962188, 9.605626837583259e-05, 0.03161920979619026, 0
-0.000395665701944381, 0.0007840858888812363, 0.03166772425174713, 0
-0.0006329279276542366, 0.001025535399094224, 0.03219756484031677, 0
7.974379695951939e-05, -0.00016081037756521255, 0.03229577839374542, 0
8.528016041964293e-05, 7.525795081164688e-05, 0.032414235174655914, 0
-0.00015172774146776646, 7.688087498536333e-05, 0.031909577548503876, 0
-0.00038563733687624335, 8.043953130254522e-05, 0.03195212408900261, 0
-0.00038131646579131484, 0.0010528559796512127, 0.03200114890933037, 0
-0.00037521860213018954, 0.0008068326860666275, 0.03203567862510681, 0
-0.000367772183381021, 0.0010646699229255319, 0.0304824598133564, 0
0.00013152617611922324, 0.0003122180060017854, 0.03034253418445587, 0
-0.00036733882734552026, 0.00031621757079847157, 0.03048180602490902, 0
-0.00010675043449737132, 0.0008155085379257798, 0.030369136482477188, 0
-0.0003576964372768998, 0.0008153790258802474, 0.030941080302000046, 0
-0.00011402568634366617, -0.00018748587172012776, 0.030906157568097115, 0
-0.00014740291226189584, 0.0012787110172212124, 0.030925145372748375, 0
0.0003262641257606447, 0.001276501570828259, 0.030896203592419624, 0
-0.0006038980791345239, 0.0017837786581367254, 0.03086654096841812, 0
-0.0003864697355311364, 0.001459617749787867, 0.03049432672560215, 0
2.443886114633642e-05, 0.0031383316963911057, 0.030387667939066887, 0
3.7374458770500496e-05, 0.0029521756805479527, 0.029736926779150963, 0
-0.00017301071784459054, 0.0029677862767130136, 0.02961789257824421, 0
-0.00016865482029970735, 0.0038721205200999975, 0.03046974539756775, 0
5.615730333374813e-05, 0.0032221099827438593, 0.030466174706816673, 0
-3.555254124876228e-06, 0.0020510151516646147, 0.030666837468743324, 0
0.00021104083862155676, 0.0014546639285981655, 0.030663739889860153, 0
-0.00018719541549216956, 0.002070092363283038, 0.030795160681009293, 0
4.630176772479899e-05, 0.001453682198189199, 0.0308101586997509, 0
8.772091860009823e-06, 0.0012553175911307335, 0.03165728598833084, 0
0.00021060751168988645, 0.0026420329231768847, 0.031766414642333984, 0
-0.0001851526030804962, 0.002264781156554818, 0.0326823815703392, 0
2.6591327696223743e-05, 0.0020718739833682775, 0.03288222849369049, 0
5.314021836966276e-05, 0.0012391910422593355, 0.033083148300647736, 0
1.1224899935768917e-05, 0.0034033621195703745, 0.03241286426782608, 0
2.078787838399876e-05, 0.0022571072913706303, 0.03253846988081932, 0
2.389397741353605e-05, 0.0022668526507914066, 0.032820843160152435, 0
-0.0003861321019940078, 0.00207030912861228, 0.03294973820447922, 0
-0.00018181756604462862, 0.002905145986005664, 0.03266904875636101, 0
-0.00038971315370872617, 0.0029281273018568754, 0.032757677137851715, 0
-0.0003755629004444927, 0.0025163881946355104, 0.031338367611169815, 0
-0.0001580951939104125, 0.0023088492453098297, 0.03126596286892891, 0
-0.0001550214074086398, 0.00274655525572598, 0.031117675825953484, 0
-0.0001475367898819968, 0.0020967910531908274, 0.031035229563713074, 0
-0.0006391266942955554, 0.004196153488010168, 0.03096824698150158, 0
-0.0004649760958272964, 0.00354451104067266, 0.03090078942477703, 0
-0.0004712359223049134, 0.0031578978523612022, 0.0312618762254715, 0
-0.0006455942057073116, 0.004570462740957737, 0.03121776692569256, 0
-0.0004773279360961169, 0.0033821705728769302, 0.031203394755721092, 0
-0.00047614614595659077, 0.0039543649181723595, 0.03108740970492363, 0
-0.00027916926774196327, 0.0034574675373733044, 0.031060082837939262, 0
-0.00046532589476555586, 0.0034824858885258436, 0.031399838626384735, 0
-0.000272595469141379, 0.004266743082553148, 0.03139624372124672, 0
-0.0006535161519423127, 0.0035191804636269808, 0.031248219311237335, 0
-0.0006534679559990764, 0.004583096597343683, 0.031233271583914757, 0
-0.0006624266388826072, 0.00476443488150835, 0.03230894356966019, 0
-0.000689297856297344, 0.0032920038793236017, 0.03243350237607956, 0
-0.0006878043059259653, 0.003865868551656604, 0.03158614784479141, 0
-0.0006858829292468727, 0.0035947628784924746, 0.03159531578421593, 0
-0.0006799106486141682, 0.00392606807872653, 0.031381264328956604, 0
-0.00036087867920286953, 0.003626817837357521, 0.03136378154158592, 0
-0.0005118130357004702, 0.0038044459652155638, 0.031348537653684616, 0
-0.0005234722630120814, 0.004354257136583328, 0.03119255229830742, 0
-0.0007480229251086712, 0.004932647570967674, 0.031177090480923653, 0
-0.0009258748032152653, 0.0034943486098200083, 0.03235883265733719, 0
-0.0005662133335135877, 0.003654607106000185, 0.032504498958587646, 0
-0.0005450674216262996, 0.003670558100566268, 0.031982194632291794, 0
-0.0004924339009448886, 0.00338331563398242, 0.03195999935269356, 0
-0.0004924243548884988, 0.0037594251334667206, 0.03194422647356987, 0
0.00017547370225656778, 0.003781051142141223, 0.03190772980451584, 0
-0.00013097400369588286, 0.0037305797450244427, 0.030712900683283806, 0
0.0003763831336982548, 0.0052661350928246975, 0.03058195300400257, 0
0.00036084040766581893, 0.00461050309240818, 0.03186912462115288, 0
0.000560903805308044, 0.004274084698408842, 0.031811922788619995, 0
0.0007483494118787348, 0.004212607629597187, 0.03145728260278702, 0
0.0007656982052139938, 0.004206775687634945, 0.03131019324064255, 0
0.0010188468731939793, 0.004256269428879023, 0.0311928391456604, 0
0.0014280067989602685, 0.004896963015198708, 0.0310091283172369, 0
0.002005853457376361, 0.00431434391066432, 0.03091629408299923, 0
0.001961132977157831, 0.006340416148304939, 0.030963130295276642, 0
0.002095879288390279, 0.006554845720529556, 0.030934838578104973, 0
0.0022278439719229937, 0.004705611616373062, 0.03054383583366871, 0
0.00249273469671607, 0.004873328376561403, 0.030442673712968826, 0
0.0021539428271353245, 0.0048646386712789536, 0.031005294993519783, 0
0.002509566256776452, 0.004713099449872971, 0.030991127714514732, 0
0.0019774045795202255, 0.0050326501950621605, 0.03251873701810837, 0
0.0023598826956003904, 0.005004046019166708, 0.03265204280614853, 0
0.002071342198178172, 0.004780962131917477, 0.0324862115085125, 0
0.002066892571747303, 0.004818881396204233, 0.03263772279024124, 0
0.0015047260094434023, 0.005696811713278294, 0.03281998261809349, 0
0.001094966079108417, 0.006002131383866072, 0.03139616176486015, 0
0.001749593298882246, 0.005512475501745939, 0.031407397240400314, 0
0.0015235580503940582, 0.006142313592135906, 0.031170129776000977, 0
0.0014693207340314984, 0.006225332617759705, 0.03107217513024807, 0
0.0010529598221182823, 0.005833299830555916, 0.030149362981319427, 0
0.0015910929068922997, 0.006360512692481279, 0.029984159395098686, 0
0.0013238356914371252, 0.005821460857987404, 0.03145064041018486, 0
0.0015930576482787728, 0.006036790553480387, 0.03148975223302841, 0
0.0014758150791749358, 0.006048304960131645, 0.03134015575051308, 0
0.001791485003195703, 0.005762801971286535, 0.031329937279224396, 0
0.001753998571075499, 0.005826078820973635, 0.031577665358781815, 0
0.0021251337602734566, 0.006337276194244623, 0.03159448876976967, 0
0.0021254513412714005, 0.006451955996453762, 0.03098001703619957, 0
0.0013722535222768784, 0.006698053330183029, 0.030981533229351044, 0
0.0012668081326410174, 0.005945122335106134, 0.030986707657575607, 0
0.0010994751937687397, 0.00602680491283536, 0.031453557312488556, 0
0.001179906539618969, 0.0060251690447330475, 0.031525127589702606, 0
0.0008633977267891169, 0.006429160013794899, 0.030534449964761734, 0
0.0009444467141292989, 0.00652268435806036, 0.030566545203328133, 0
0.00043461393215693533, 0.006380524951964617, 0.031569451093673706, 0
0.00014230204396881163, 0.006114572752267122, 0.03167295828461647, 0
-0.00031390428193844855, 0.008400540798902512, 0.030692502856254578, 0
-0.0004793432599399239, 0.008466757833957672, 0.03076295554637909, 0
-0.0009514219127595425, 0.007708040531724691, 0.03008897416293621, 0
-0.0012134492862969637, 0.007877613417804241, 0.029959676787257195, 0
-0.0014910780591890216, 0.008053472265601158, 0.030704695731401443, 0
-0.0017755411099642515, 0.008228610269725323, 0.030760832130908966, 0
-0.00010424541687825695, 0.00714808888733387, 0.03088456764817238, 0
-0.00040625862311571836, 0.00715769175440073, 0.03186217322945595, 0
-0.0005812221788801253, 0.007199440151453018, 0.03207486495375633, 0
-0.0005352721782401204, 0.0071411109529435635, 0.03276972845196724, 0
-0.0006578557076863945, 0.007131206337362528, 0.033166900277137756, 0
-0.0014576185494661331, 0.006942100822925568, 0.033436402678489685, 0
-0.0015572701813653111, 0.006722947116941214, 0.03392332047224045, 0
-0.002061282517388463, 0.006970478221774101, 0.034017764031887054, 0
-0.002288667717948556, 0.00671113096177578, 0.03469599038362503, 0
-0.002782221883535385, 0.006545043550431728, 0.036242153495550156, 0
-0.0026805538218468428, 0.005063257645815611, 0.037250619381666183, 0
-0.0035228568594902754, 0.004470129031687975, 0.0377514511346817, 0
-0.0045645590871572495, 0.003912400454282761, 0.03880106285214424, 0
-0.004621722269803286, 0.003993180580437183, 0.03974340483546257, 0
-0.00589399691671133, 0.0030626736115664244, 0.04096804931759834, 0
-0.006895857863128185, 0.0017914028139784932, 0.04236174374818802, 0
-0.008113942109048367, 0.001981611829251051, 0.04347333684563637, 0
-0.009153698571026325, 0.0016627651639282703, 0.045389868319034576, 0
-0.011023858562111855, 0.0014163366286084056, 0.05345923453569412, 0
-0.012105921283364296, 0.001970060169696808, 0.05632854998111725, 0
-0.010128188878297806, -0.0006032816600054502, 0.06369522213935852, 0
-0.010723025538027287, 0.00199369085021317, 0.06736283749341965, 0
-0.012435094453394413, 0.002258694265037775, 0.07428398728370667, 0
-0.013141468167304993, 0.0019781598821282387, 0.07848187536001205, 0
-0.013578609563410282, 0.0022767765913158655, 0.08323972672224045, 0
-0.012208777479827404, 0.001963166519999504, 0.08753368258476257, 0
-0.01565415784716606, 0.003994411788880825, 0.08984481543302536, 0
-0.01624465361237526, 0.003971774596720934, 0.09384128451347351, 0
-0.012916836887598038, 0.0055162846110761166, 0.09786614775657654, 0
-0.015331899747252464, 0.0061599379405379295, 0.09972798079252243, 0
-0.0151831591501832, 0.0061056483536958694, 0.10338638722896576, 0
-0.014897849410772324, 0.005625681020319462, 0.10514654219150543, 0
-0.014734817668795586, 0.005847981199622154, 0.10850860923528671, 0
-0.014799227006733418, 0.005535219796001911, 0.11216439306735992, 0
-0.012754633091390133, 0.008336037397384644, 0.1153663769364357, 0
-0.013374974019825459, 0.008869550190865993, 0.11056748032569885, 0
-0.013144047930836678, 0.008067206479609013, 0.1129535585641861, 0
-0.013734540902078152, 0.008396293967962265, 0.10938012599945068, 0
-0.013025588355958462, 0.008019406348466873, 0.11116865277290344, 0
-0.0141160162165761, 0.006669475696980953, 0.10988057404756546, 0
-0.01200757548213005, 0.007308239117264748, 0.11156658828258514, 0
-0.011541697196662426, 0.007174552883952856, 0.11288300156593323, 0
-0.012123806402087212, 0.006790865678340197, 0.11490052938461304, 0
-0.011471332982182503, 0.0052206628024578094, 0.11716599762439728, 0
-0.011180531233549118, 0.004974746610969305, 0.119610995054245, 0
-0.011895832605659962, 0.003700060537084937, 0.12244141101837158, 0
-0.011528203263878822, 0.002476462861523032, 0.12824517488479614, 0
-0.010908334515988827, 0.0009634446469135582, 0.13198962807655334, 0
-0.011404093354940414, 0.0006861956790089607, 0.13894468545913696, 0
-0.013238810002803802, 0.002374804113060236, 0.14364349842071533, 0
-0.012078489176928997, 0.0026332170236855745, 0.14781175553798676, 0
-0.012830209918320179, 0.001554774702526629, 0.1530187726020813, 0
-0.007549525238573551, 0.006633232347667217, 0.15937523543834686, 0
-0.007727967109531164, 0.005773486569523811, 0.16547538340091705, 0
-0.0035402271896600723, 0.006107952445745468, 0.1732349395751953, 0
-0.004570882301777601, 0.006364844739437103, 0.17968179285526276, 0
-0.00565525284036994, 0.008436287753283978, 0.18621079623699188, 0
-0.00399386789649725, 0.008459115400910378, 0.19308067858219147, 0
-0.004110759124159813, 0.008450276218354702, 0.20016208291053772, 0
-0.0032363703940063715, 0.010800187475979328, 0.20519089698791504, 0
-0.0029924914706498384, 0.011815804988145828, 0.21236199140548706, 0
-0.0017203249735757709, 0.00992449652403593, 0.22160491347312927, 0
-0.004046961199492216, 0.012098946608603, 0.22919583320617676, 0
-0.0055345045402646065, 0.016777941957116127, 0.23725013434886932, 0
-0.005146814975887537, 0.016968393698334694, 0.24500320851802826, 0
-0.005836979951709509, 0.01743844524025917, 0.2520393431186676, 0
-0.005756470840424299, 0.017153043299913406, 0.2598522901535034, 0
-0.005824223626405001, 0.018745969980955124, 0.2662031948566437, 0
-0.009804877452552319, 0.01853412762284279, 0.27396076917648315, 0
-0.009952348656952381, 0.019092924892902374, 0.2794688940048218, 0
-0.012953301891684532, 0.01767609268426895, 0.28706270456314087, 0
-0.012451411224901676, 0.017190825194120407, 0.2946851849555969, 0
-0.008569279685616493, 0.016119472682476044, 0.2994658052921295, 0
-0.007535872515290976, 0.015546766109764576, 0.3067954480648041, 0
-0.012277485802769661, 0.0194660983979702, 0.3109925389289856, 0
-0.004115759395062923, 0.01604507490992546, 0.31800785660743713, 0
-0.004123176448047161, 0.015134361572563648, 0.32482776045799255, 0
-0.0035437701735645533, 0.01524393167346716, 0.3318853974342346, 0
-0.0037591527216136456, 0.014639535918831825, 0.3423464596271515, 0
-0.0027090671937912703, 0.01079342607408762, 0.3498600423336029, 0
-0.001995647791773081, 0.009305297397077084, 0.35757604241371155, 0
-0.001828816719353199, 0.008801016956567764, 0.36521708965301514, 0
-0.0013854741118848324, 0.007360048592090607, 0.3725492060184479, 0
-0.0008569145575165749, 0.0066803633235394955, 0.3802035450935364, 0
-0.001412034616805613, 0.002273744437843561, 0.38784629106521606, 0
-0.0014340877532958984, 0.0008933695498853922, 0.3963673710823059, 0
-0.0011454663472250104, -5.788955604657531e-05, 0.40405142307281494, 0
-0.0010193813359364867, -0.0003161132335662842, 0.4125056266784668, 0
-0.0011873776093125343, -0.000733276829123497, 0.42020320892333984, 0
-0.0008307623211294413, -0.0009501342428848147, 0.42907488346099854, 0
-0.0004969525616616011, -0.0017162158619612455, 0.43680986762046814, 0
-0.008165047504007816, -0.0023010587319731712, 0.4458092749118805, 0
-0.007909190841019154, -0.0030388771556317806, 0.45353755354881287, 0
-0.0071157910861074924, 0.0010157354408875108, 0.46298345923423767, 0
-0.0070950305089354515, 0.0008540807175450027, 0.4706849157810211, 0
-0.008480311371386051, -0.0011159204877912998, 0.47808319330215454, 0
-0.008269842714071274, 0.0008826575358398259, 0.48557916283607483, 0
-0.00721392035484314, 0.0008721546619199216, 0.4921911954879761, 0
-0.007242895197123289, 0.0014102956047281623, 0.4993768036365509, 0
-0.00781356729567051, 0.0016855155117809772, 0.5064287781715393, 0
-0.007472535595297813, 0.0028430456295609474, 0.5127449035644531, 0
-0.007990273647010326, 0.0021828149911016226, 0.5194969773292542, 0
-0.007511595729738474, 0.0018383694114163518, 0.5261735916137695, 0
-0.007593314163386822, 0.0016229132888838649, 0.5326328873634338, 0
-0.00860274862498045, -0.002024428453296423, 0.5370001196861267, 0
-0.007485532201826572, -0.002919217338785529, 0.5430014133453369, 0
-0.0074934763833880424, -0.0033136059064418077, 0.5488948225975037, 0
-0.013905865140259266, 0.001093307277187705, 0.55469810962677, 0
-0.01063302718102932, 0.003584211692214012, 0.5594850182533264, 0
-0.01075707096606493, 0.003463946282863617, 0.5650753974914551, 0
-0.01136880461126566, 0.004947807174175978, 0.5696243047714233, 0
-0.013458538800477982, 0.005091635510325432, 0.5750181078910828, 0
-0.014057929627597332, 0.004448841791599989, 0.5803767442703247, 0
-0.013661353848874569, 0.004247073549777269, 0.5859366655349731, 0
-0.014722291380167007, 0.0034784702584147453, 0.5912467837333679, 0
-0.014951307326555252, 0.003388786455616355, 0.598064124584198, 0
-0.011459778994321823, -0.001962783047929406, 0.6035069227218628, 0
-0.011226152069866657, -7.209334580693394e-05, 0.6076344847679138, 0
-0.011058547534048557, 0.0014349478296935558, 0.612950325012207, 0
-0.011517457664012909, 0.0013396355789154768, 0.6184409260749817, 0
-0.024121694266796112, -0.012277399189770222, 0.623846709728241, 0
-0.025171076878905296, -0.012810220010578632, 0.6294590830802917, 0
-0.025131678208708763, -0.014765315689146519, 0.6349547505378723, 0
-0.02599315159022808, -0.016793055459856987, 0.6390953063964844, 0
-0.026200979948043823, -0.01780743896961212, 0.6444244384765625, 0
-0.025710463523864746, -0.015785759314894676, 0.6497693657875061, 0
-0.026884490624070168, -0.017091378569602966, 0.6563330292701721, 0
-0.026889342814683914, -0.0172270555049181, 0.6618080139160156, 0
-0.026995904743671417, -0.018272608518600464, 0.6668199896812439, 0
-0.026382584124803543, -0.015994412824511528, 0.6722961068153381, 0
-0.026553146541118622, -0.01767190732061863, 0.6768981218338013, 0
-0.027943186461925507, -0.017119117081165314, 0.6822890639305115, 0
-0.027951737865805626, -0.02010064758360386, 0.6872581243515015, 0
-0.02869485318660736, -0.019465286284685135, 0.6926069855690002, 0
-0.028860336169600487, -0.019697507843375206, 0.697020411491394, 0
-0.029826482757925987, -0.01621263474225998, 0.7022870779037476, 0
-0.02784809283912182, -0.017646124586462975, 0.7091575264930725, 0
-0.02785838209092617, -0.017671098932623863, 0.714635968208313, 0
-0.0296868197619915, -0.023096008226275444, 0.7201345562934875, 0
-0.029337985441088676, -0.023730287328362465, 0.7242544889450073, 0
-0.029559722170233727, -0.025045881047844887, 0.7296355366706848, 0
-0.02973324805498123, -0.024034494534134865, 0.7334513664245605, 0
-0.029736991971731186, -0.02416166663169861, 0.7386323809623718, 3
-0.029737649485468864, -0.02429116889834404, 0.7439544796943665, 3
-0.029733074828982353, -0.024424830451607704, 0.7491224408149719, 3
-0.029719164595007896, -0.02455834113061428, 0.7544039487838745, 3
-0.02631816826760769, -0.008787375874817371, 0.759586751461029, 3
-0.026513637974858284, -0.00928348209708929, 0.7647078037261963, 3
-0.023624513298273087, -0.01145776454359293, 0.7699553966522217, 3
-0.02536947652697563, -0.011676600202918053, 0.7765675783157349, 3
-0.02444710023701191, -0.004930173512548208, 0.7819993495941162, 3
-0.025560427457094193, -0.004651198163628578, 0.786088228225708, 3
-0.025393307209014893, -0.004988515749573708, 0.791353166103363, 3
-0.023338651284575462, -0.004276582971215248, 0.7965903282165527, 3
-0.017090169712901115, -0.005377121269702911, 0.8011336922645569, 3
-0.016636565327644348, -0.0049935877323150635, 0.8062149286270142, 3
-0.016112592071294785, -0.007287351880222559, 0.81521075963974, 3
-0.015631364658474922, -0.00704250019043684, 0.820527970790863, 3
-0.015143402852118015, -0.00683047529309988, 0.8260963559150696, 3
-0.027462629601359367, -0.01016190741211176, 0.8312636017799377, 3
-0.026654459536075592, -0.010649321600794792, 0.8367535471916199, 3
-0.025686852633953094, -0.011256654746830463, 0.8416608572006226, 3
-0.025026844814419746, -0.011306780390441418, 0.8451908230781555, 3
-0.024890568107366562, -0.01135855633765459, 0.8496043086051941, 3
-0.02476321905851364, -0.011433489620685577, 0.8538857102394104, 3
-0.018642177805304527, -0.004096649587154388, 0.8579375743865967, 3
-0.017313271760940552, -0.004314197693020105, 0.861786961555481, 3
-0.01676216907799244, -0.0040876599960029125, 0.8651111721992493, 1
-0.01702100597321987, -0.004656944889575243, 0.8685294985771179, 1
-0.016629885882139206, -0.004594092722982168, 0.8723552823066711, 1
-0.010753004811704159, -0.008523963391780853, 0.8754295706748962, 1
-0.011559690348803997, -0.008892320096492767, 0.8784963488578796, 1
-0.01077405083924532, -0.008907479234039783, 0.8811585903167725, 1
-0.008528115227818489, -0.009332630783319473, 0.8816896080970764, 1
-0.007709645200520754, -0.010058087296783924, 0.8837441802024841, 1
-0.006813952699303627, -0.009724326431751251, 0.8859443664550781, 1
-0.004005937837064266, -0.011906202882528305, 0.8876355290412903, 1
-0.0032138279639184475, -0.012939211912453175, 0.8860451579093933, 1
-0.0023399419151246548, -0.013674802146852016, 0.8871393799781799, 1
-0.0022661101538687944, -0.01613265834748745, 0.8886938691139221, 1
-0.0009986339136958122, -0.016985418274998665, 0.8896055817604065, 1
0.0013465819647535682, -0.01709018275141716, 0.8904198408126831, 1
0.004227221943438053, -0.016635088250041008, 0.8912787437438965, 1
0.006555033382028341, -0.01614689640700817, 0.8919436931610107, 1
0.008180579170584679, -0.01681535318493843, 0.8932961821556091, 1
0.010480987839400768, -0.017590949311852455, 0.8939101696014404, 1
0.013792394660413265, -0.018646350130438805, 0.8955525159835815, 1
0.016475852578878403, -0.018229907378554344, 0.8961848616600037, 1
0.016969675198197365, -0.020879901945590973, 0.897304356098175, 1
0.018013181164860725, -0.021246150135993958, 0.8978805541992188, 1
0.02265465445816517, -0.022048896178603172, 0.9010451436042786, 1
0.025089379400014877, -0.021554643288254738, 0.9017951488494873, 1
0.02878505364060402, -0.022041700780391693, 0.9024248719215393, 1
0.03205113112926483, -0.02259739115834236, 0.9030382633209229, 1
0.03449457138776779, -0.02286582998931408, 0.901418924331665, 1
0.03306584432721138, -0.0249757319688797, 0.9016656279563904, 1
0.038397978991270065, -0.02540622092783451, 0.9018362164497375, 1
0.042255185544490814, -0.02467980980873108, 0.9015750288963318, 1
0.038544896990060806, -0.027423188090324402, 0.901555597782135, 1
0.040954940021038055, -0.027554793283343315, 0.9020500183105469, 1
0.04557880759239197, -0.02690914459526539, 0.902005672454834, 1
0.046727124601602554, -0.028176063671708107, 0.9019016623497009, 1
0.0515354722738266, -0.029366282746195793, 0.9017556309700012, 1
0.05221356078982353, -0.02990623749792576, 0.9005505442619324, 1
0.05450589582324028, -0.030062004923820496, 0.9002382755279541, 1
0.05676797404885292, -0.030215812847018242, 0.8995316028594971, 1
0.045155905187129974, -0.026015629991889, 0.8991058468818665, 1
0.048719923943281174, -0.02676711603999138, 0.8986698389053345, 1
0.04999963194131851, -0.028965864330530167, 0.8980123996734619, 1
0.05178951099514961, -0.029053127393126488, 0.8975318074226379, 1
0.058951303362846375, -0.02821546606719494, 0.8997846245765686, 1
0.05887830629944801, -0.028008706867694855, 0.8995894193649292, 1
0.06017464026808739, -0.02795642428100109, 0.8984019160270691, 1
0.06275100260972977, -0.02803252823650837, 0.8981057405471802, 1
0.0651988834142685, -0.028262626379728317, 0.8955032825469971, 1
0.06818747520446777, -0.029766462743282318, 0.894938051700592, 1
0.07421761751174927, -0.030930597335100174, 0.8934686779975891, 1
0.07621544599533081, -0.031048258766531944, 0.8927885890007019, 3
0.07819309085607529, -0.031173961237072945, 0.8913137316703796, 3
0.08135673403739929, -0.037593238055706024, 0.8905274868011475, 3
0.08342200517654419, -0.0379064679145813, 0.8916674852371216, 3
0.07295990735292435, -0.0352080799639225, 0.8911464810371399, 3
0.07436339557170868, -0.03419335186481476, 0.8906376361846924, 1
0.07583438605070114, -0.035291578620672226, 0.8919673562049866, 1
0.07741245627403259, -0.036350660026073456, 0.8916882276535034, 1
0.08054187893867493, -0.03709600120782852, 0.8926309943199158, 1
0.08186187595129013, -0.037376709282398224, 0.892501175403595, 1
0.0869673490524292, -0.03682972863316536, 0.8936575055122375, 1
0.09327150881290436, -0.037662193179130554, 0.8936378955841064, 1
0.09452599287033081, -0.03778373822569847, 0.8906146883964539, 1
0.0957365557551384, -0.03958512097597122, 0.8901726603507996, 2
0.0969896912574768, -0.04006899893283844, 0.8879329562187195, 2
0.09705141931772232, -0.03792107477784157, 0.8872377872467041, 2
0.09698645025491714, -0.03872749209403992, 0.8861644864082336, 2
0.0974455252289772, -0.041177794337272644, 0.885394811630249, 2
0.09555848687887192, -0.04111361503601074, 0.8857214450836182, 2
0.09136830270290375, -0.04310913011431694, 0.8849674463272095, 2
0.09042230993509293, -0.044035058468580246, 0.8842243552207947, 2
0.09329187870025635, -0.04526083543896675, 0.8842004537582397, 2
0.09687015414237976, -0.04451986029744148, 0.8834790587425232, 2
0.0976765975356102, -0.04496712610125542, 0.8849740028381348, 2
0.10988292843103409, -0.04163776710629463, 0.8845046162605286, 2
0.10948137193918228, -0.041325170546770096, 0.8826508522033691, 2
0.11066865175962448, -0.04267269745469093, 0.8820470571517944, 2
0.1106506735086441, -0.04366058483719826, 0.8816266059875488, 2
0.11130782216787338, -0.044023118913173676, 0.8810566067695618, 2
0.11191350221633911, -0.04434799775481224, 0.8810312151908875, 2
0.09751637279987335, -0.05514103174209595, 0.8805435299873352, 2
0.09798081964254379, -0.057440612465143204, 0.8796193599700928, 2
0.09817788749933243, -0.05395273119211197, 0.8791277408599854, 2
0.10396447777748108, -0.05623092129826546, 0.8786492943763733, 2
0.1066090539097786, -0.056540146470069885, 0.8779793977737427, 2
0.10482534021139145, -0.05788535997271538, 0.8775230646133423, 2
0.10538435727357864, -0.05562695115804672, 0.8777387142181396, 2
0.10693664848804474, -0.05725207179784775, 0.8774236440658569, 2
0.10374509543180466, -0.056548744440078735, 0.8761807084083557, 2
0.10395985096693039, -0.06027021259069443, 0.8758605122566223, 2
0.10379572212696075, -0.05992702394723892, 0.8729332089424133, 2
0.10222015529870987, -0.06333110481500626, 0.8724241256713867, 2
0.10194987803697586, -0.062195178121328354, 0.871941089630127, 2
0.10245504230260849, -0.0644950270652771, 0.8715124130249023, 3
0.10297969728708267, -0.0628492683172226, 0.8711379766464233, 3
0.10301461070775986, -0.06282981485128403, 0.8695163130760193, 1
0.10307849198579788, -0.06275565922260284, 0.8691064119338989, 1
0.10315033793449402, -0.06266473978757858, 0.8679372668266296, 1
0.13337884843349457, -0.060999996960163116, 0.8675466179847717, 1
0.1310265213251114, -0.062287405133247375, 0.8670201897621155, 1
0.1313568353652954, -0.06305120140314102, 0.8667135834693909, 1
0.13074404001235962, -0.06262458115816116, 0.8669149279594421, 1
0.12962080538272858, -0.0623042993247509, 0.8667731285095215, 1
0.13156643509864807, -0.06195193901658058, 0.8659117817878723, 1
0.1319851279258728, -0.06255383789539337, 0.8658180832862854, 1
0.13251006603240967, -0.06159792095422745, 0.8661200404167175, 3
0.13051272928714752, -0.061162471771240234, 0.8661350607872009, 3
0.12970595061779022, -0.06172028183937073, 0.8660646080970764, 3
0.13229413330554962, -0.06166153401136398, 0.8661401271820068, 3
0.1291198581457138, -0.06049197167158127, 0.8662530183792114, 3
0.130218043923378, -0.06066914647817612, 0.8675046563148499, 1
0.13084492087364197, -0.06123579666018486, 0.8677619099617004, 1
0.13200214505195618, -0.06081543117761612, 0.8705527186393738, 1
0.13398848474025726, -0.06030261889100075, 0.8710513114929199, 1
0.13487833738327026, -0.05938560515642166, 0.872581958770752, 1
0.13807207345962524, -0.06006930023431778, 0.8731213808059692, 1
0.13879548013210297, -0.05996819958090782, 0.8726522326469421, 1
0.13894547522068024, -0.056244850158691406, 0.8729753494262695, 1
0.1408291906118393, -0.0574343279004097, 0.8710940480232239, 1
0.14212821424007416, -0.05721737816929817, 0.871059000492096, 1
0.14350509643554688, -0.05701407790184021, 0.87128746509552, 3
0.10844428837299347, -0.05394495651125908, 0.8711753487586975, 3
0.10838361084461212, -0.05482635647058487, 0.8706087470054626, 3
0.10814075917005539, -0.05422471463680267, 0.8703187108039856, 3
0.10922669619321823, -0.054615624248981476, 0.8699755668640137, 3
0.10828876495361328, -0.05575630068778992, 0.8704842329025269, 1
0.10880549997091293, -0.05499207228422165, 0.8701234459877014, 1
0.10942543298006058, -0.056032076478004456, 0.870135486125946, 1
0.11336015909910202, -0.05377085134387016, 0.8697401881217957, 1
0.11572526395320892, -0.053951214998960495, 0.8683078289031982, 1
0.11778818070888519, -0.054758086800575256, 0.867720365524292, 1
0.118171326816082, -0.05400349944829941, 0.8662078380584717, 1
0.11888385564088821, -0.053664375096559525, 0.8654386401176453, 1
0.11707829684019089, -0.05300738662481308, 0.8639110922813416, 1
0.11506911367177963, -0.05498579517006874, 0.8630401492118835, 1
0.11655484884977341, -0.05505312606692314, 0.862391471862793, 3
0.1187836304306984, -0.05520978942513466, 0.8615549802780151, 3
0.11864221841096878, -0.056490443646907806, 0.860713005065918, 3
0.11413392424583435, -0.05563739687204361, 0.8609252572059631, 3
0.11666490137577057, -0.05541407689452171, 0.8601858019828796, 3
0.11719681322574615, -0.05527900904417038, 0.8603198528289795, 1
0.11705049872398376, -0.056369200348854065, 0.859704315662384, 1
0.11946288496255875, -0.05621786788105965, 0.8577329516410828, 1
0.12072878330945969, -0.05604134127497673, 0.8569892048835754, 1
0.12334319204092026, -0.05688660219311714, 0.8567672371864319, 1
0.1299765557050705, -0.059547409415245056, 0.8561010956764221, 1
0.13203312456607819, -0.05848199501633644, 0.8559259176254272, 1
0.1302163302898407, -0.057976461946964264, 0.8553686141967773, 1
0.13145165145397186, -0.058145273476839066, 0.8551909923553467, 1
0.13083992898464203, -0.0620206743478775, 0.85468989610672, 1
0.12894749641418457, -0.06302633881568909, 0.8525066375732422, 1
0.13096630573272705, -0.06403513997793198, 0.8518537282943726, 1
0.13241428136825562, -0.064277283847332, 0.8512094616889954, 1
0.13316136598587036, -0.06758294254541397, 0.8513009548187256, 1
0.13492611050605774, -0.06814929097890854, 0.8507652878761292, 1
0.14040507376194, -0.06856219470500946, 0.850017249584198, 1
0.14211925864219666, -0.06887882202863693, 0.8494734764099121, 1
0.14387090504169464, -0.06919621676206589, 0.8488168120384216, 1
0.14657312631607056, -0.05593013018369675, 0.8482761979103088, 1
0.1516820639371872, -0.05747399851679802, 0.8473098278045654, 1
0.15371498465538025, -0.057399895042181015, 0.8467451930046082, 1
0.15308775007724762, -0.06109161674976349, 0.8452892899513245, 1
0.15111522376537323, -0.058939166367053986, 0.8446518778800964, 1
0.15364371240139008, -0.060303088277578354, 0.8439990282058716, 1
0.15522857010364532, -0.059364404529333115, 0.8433768153190613, 1
0.15562647581100464, -0.059352174401283264, 0.8424906134605408, 1
0.15852566063404083, -0.059916477650403976, 0.841887354850769, 2
0.16120471060276031, -0.05893861502408981, 0.8413231372833252, 2
0.16341081261634827, -0.058982960879802704, 0.8414480686187744, 2
0.16631673276424408, -0.0589464008808136, 0.8409751653671265, 2
0.16471435129642487, -0.060176774859428406, 0.8402213454246521, 2
0.165932759642601, -0.06097755208611488, 0.8397665619850159, 2
0.16999870538711548, -0.059924446046352386, 0.8394551873207092, 2
0.1713312417268753, -0.05872955918312073, 0.8390461802482605, 2
0.17281003296375275, -0.05955956503748894, 0.8396859765052795, 2
0.1767924576997757, -0.05978771671652794, 0.8394031524658203, 2
0.17994588613510132, -0.05852175131440163, 0.8392143845558167, 2
0.18142861127853394, -0.05934415012598038, 0.8389313817024231, 2
0.18671151995658875, -0.05767883360385895, 0.8378581404685974, 2
0.18715587258338928, -0.05700749531388283, 0.8375099897384644, 2
0.1886080652475357, -0.05665907636284828, 0.8371838331222534, 2
0.18788844347000122, -0.05780171602964401, 0.8362330198287964, 2
0.18966645002365112, -0.05831243470311165, 0.8358909487724304, 2
0.19107608497142792, -0.05877227708697319, 0.8359394669532776, 2
0.19160784780979156, -0.05924353003501892, 0.8356300592422485, 2
0.1943511962890625, -0.05958510562777519, 0.8365868330001831, 2
0.19340009987354279, -0.061651308089494705, 0.8364143967628479, 2
0.1953572928905487, -0.061735767871141434, 0.8331762552261353, 2
0.19388532638549805, -0.06262338906526566, 0.8326690196990967, 2
0.1915757656097412, -0.06069936603307724, 0.8327829241752625, 2
0.1973578929901123, -0.05998433753848076, 0.8323312997817993, 2
0.19866174459457397, -0.05692381039261818, 0.8318644165992737, 2
0.19570554792881012, -0.057416632771492004, 0.8314111828804016, 2
0.19884014129638672, -0.06763836741447449, 0.830991268157959, 2
0.19871796667575836, -0.06806939840316772, 0.830575168132782, 2
0.1997031420469284, -0.06595779955387115, 0.8301893472671509, 2
0.19667479395866394, -0.0668834000825882, 0.8293815851211548, 2
0.19557826220989227, -0.06728772073984146, 0.829003095626831, 2
0.1994493007659912, -0.06483744084835052, 0.8299058675765991, 2
0.19921179115772247, -0.06498368084430695, 0.8297251462936401, 2
0.19897118210792542, -0.06510540097951889, 0.8289114236831665, 2
0.20392239093780518, -0.0717477947473526, 0.8287026286125183, 2
0.20378151535987854, -0.07199765741825104, 0.829446017742157, 2
0.20323976874351501, -0.07246126979589462, 0.8293774724006653, 1
0.20535908639431, -0.07045852392911911, 0.82918781042099, 1
0.2065182626247406, -0.0720243752002716, 0.8291232585906982, 1
0.20565979182720184, -0.07207068800926208, 0.8278967142105103, 1
0.20342329144477844, -0.07114556431770325, 0.8276953101158142, 1
0.204438254237175, -0.06960189342498779, 0.8274728059768677, 1
0.20406706631183624, -0.07157570868730545, 0.8253594040870667, 1
0.20338065922260284, -0.0716070607304573, 0.8249080181121826, 1
0.20524734258651733, -0.07045888155698776, 0.8232097625732422, 1
0.20037813484668732, -0.07195113599300385, 0.8226448893547058, 1
0.20139910280704498, -0.07127179205417633, 0.8225231170654297, 1
0.1987268179655075, -0.06798449903726578, 0.8219930529594421, 1
0.19944031536579132, -0.06833121180534363, 0.8218128085136414, 3
0.19799377024173737, -0.06962090730667114, 0.8213215470314026, 3
0.19861900806427002, -0.07009293884038925, 0.8200311660766602, 3
0.19759806990623474, -0.07031205296516418, 0.8194637298583984, 3
0.1970040500164032, -0.06904501467943192, 0.8177685141563416, 3
0.19747310876846313, -0.0692996010184288, 0.8171157836914062, 3
0.19795459508895874, -0.06823045015335083, 0.8164953589439392, 3
0.1999940574169159, -0.06670175492763519, 0.8177813291549683, 3
0.2040749490261078, -0.0672178864479065, 0.817428469657898, 3
0.20157583057880402, -0.06786470860242844, 0.8190085887908936, 3
0.20515874028205872, -0.06827997416257858, 0.8189405798912048, 3
0.20595429837703705, -0.06823921948671341, 0.8193172216415405, 3
0.20668478310108185, -0.06819582730531693, 0.819341242313385, 3
0.2061338871717453, -0.07060888409614563, 0.8208239078521729, 3
0.20672094821929932, -0.07064508646726608, 0.8210293054580688, 3
0.2096937596797943, -0.07333788275718689, 0.8195843696594238, 1
0.2101009339094162, -0.07268181443214417, 0.8196245431900024, 1
0.2106136530637741, -0.07280748337507248, 0.8196552395820618, 1
0.21108804643154144, -0.0729483813047409, 0.8180469274520874, 1
0.253445029258728, -0.06270106136798859, 0.8178994059562683, 1
0.25521939992904663, -0.06194587051868439, 0.8177871108055115, 1
0.25612470507621765, -0.06117432191967964, 0.8176213502883911, 1
0.2583703100681305, -0.06117571145296097, 0.8171558976173401, 1
0.26025792956352234, -0.06088126450777054, 0.8169774413108826, 1
0.2621954083442688, -0.06055285781621933, 0.8179582357406616, 1
0.2387392371892929, -0.06294354051351547, 0.8179967403411865, 1
0.23454280197620392, -0.06241762638092041, 0.8168532252311707, 1
0.2401336282491684, -0.06266001611948013, 0.8168108463287354, 1
0.23989301919937134, -0.0620315782725811, 0.8176363110542297, 1
0.2424217164516449, -0.06123407557606697, 0.8176777362823486, 1
0.24411959946155548, -0.060309186577796936, 0.8162958025932312, 3
0.24320805072784424, -0.0609007403254509, 0.8161490559577942, 3
0.24252858757972717, -0.05977510288357735, 0.8160099387168884, 3
0.24384236335754395, -0.05941792577505112, 0.815412163734436, 3
0.2480916529893875, -0.058185990899801254, 0.8152419328689575, 3
0.2476484328508377, -0.05850944295525551, 0.8165851831436157, 3
0.24304722249507904, -0.059273611754179, 0.816607654094696, 3
0.24696385860443115, -0.058493975549936295, 0.8167996406555176, 3
0.24902868270874023, -0.05810015648603439, 0.816884458065033, 3
0.24984505772590637, -0.0581706166267395, 0.8161271810531616, 3
0.2489107996225357, -0.05680011957883835, 0.8161411881446838, 3
0.2501637041568756, -0.05533153936266899, 0.8167971968650818, 3
0.2511335611343384, -0.05493859201669693, 0.8168681263923645, 3
0.25457847118377686, -0.05168354511260986, 0.8165046572685242, 3
0.2554955780506134, -0.0512242428958416, 0.8165141344070435, 3
0.25783267617225647, -0.053385548293590546, 0.8163106441497803, 1
0.25778236985206604, -0.05329742655158043, 0.8163103461265564, 1
0.25858378410339355, -0.052965424954891205, 0.8163118958473206, 1
0.26064470410346985, -0.05247902870178223, 0.8157317638397217, 1
0.25998592376708984, -0.052768416702747345, 0.815649688243866, 1
0.26096320152282715, -0.052318789064884186, 0.8169612288475037, 3
0.2610512971878052, -0.05242425948381424, 0.8169652223587036, 3
0.26178595423698425, -0.052165038883686066, 0.8145243525505066, 3
0.2627260088920593, -0.05072005093097687, 0.814238429069519, 3
0.2616426348686218, -0.05031903460621834, 0.8154546618461609, 3
0.2616226375102997, -0.05073002353310585, 0.8152846693992615, 1
0.2597191631793976, -0.050521425902843475, 0.8150573372840881, 1
0.2631400227546692, -0.050509702414274216, 0.8148451447486877, 1
0.262603759765625, -0.05004936084151268, 0.814365029335022, 1
0.26328936219215393, -0.04984477534890175, 0.8140634894371033, 1
0.2690284252166748, -0.051309939473867416, 0.813727617263794, 3
0.2697736918926239, -0.051274269819259644, 0.8130506873130798, 3
0.2735586166381836, -0.051953043788671494, 0.8126285672187805, 3
0.27350863814353943, -0.0515466183423996, 0.8123616576194763, 3
0.2690233588218689, -0.052106402814388275, 0.8119258880615234, 3
0.2674519121646881, -0.05297527462244034, 0.8119591474533081, 3
0.26713693141937256, -0.05199328437447548, 0.8115580081939697, 3
0.2703911364078522, -0.05170080438256264, 0.8109928965568542, 3
0.2634081244468689, -0.0543079636991024, 0.8105425238609314, 3
0.2652928829193115, -0.052976273000240326, 0.8094858527183533, 3
0.2680246829986572, -0.0528576485812664, 0.8089154958724976, 1
0.2686077952384949, -0.05425834283232689, 0.8073480129241943, 1
0.26856452226638794, -0.05735500156879425, 0.8066051602363586, 1
0.27074646949768066, -0.056459810584783554, 0.8058075308799744, 1
0.2717755436897278, -0.054934557527303696, 0.8055380582809448, 1
0.27035653591156006, -0.05496750399470329, 0.8048286437988281, 3
0.2726832628250122, -0.056328799575567245, 0.8021073341369629, 3
0.2732922434806824, -0.05589401721954346, 0.8011788725852966, 3
0.2747068703174591, -0.058563001453876495, 0.8015851378440857, 3
0.27537649869918823, -0.058748409152030945, 0.800854504108429, 3
0.25510716438293457, -0.06484537571668625, 0.798310399055481, 3
0.2544417381286621, -0.0655873641371727, 0.7974153757095337, 3
0.2553413510322571, -0.06419461220502853, 0.7989363670349121, 3
0.25450456142425537, -0.06547346711158752, 0.7983349561691284, 3
0.2550317943096161, -0.06386349350214005, 0.7978230714797974, 3
0.254904568195343, -0.06411656737327576, 0.7972607016563416, 3
0.2608248293399811, -0.06314574927091599, 0.7967102527618408, 3
0.2608627676963806, -0.06332514435052872, 0.7962801456451416, 3
0.2611899673938751, -0.06316851824522018, 0.7957364320755005, 3
0.25949549674987793, -0.06385574489831924, 0.7956917881965637, 3
0.25950008630752563, -0.06398007273674011, 0.7951551675796509, 3
0.2593742609024048, -0.07051494717597961, 0.7954543828964233, 3
0.25922948122024536, -0.060573358088731766, 0.7949198484420776, 3
0.25800853967666626, -0.06185062602162361, 0.792868435382843, 3
0.2579084634780884, -0.06192510202527046, 0.7920722961425781, 3
0.2628950774669647, -0.057805005460977554, 0.7893720865249634, 3
0.26322469115257263, -0.0593273788690567, 0.7882591485977173, 3
0.2662494480609894, -0.060626864433288574, 0.7870430946350098, 3
0.26769718527793884, -0.05961485207080841, 0.7858514785766602, 3
0.26909521222114563, -0.06106710433959961, 0.7844136357307434, 3
0.2693759500980377, -0.06269428133964539, 0.7832203507423401, 4
0.268332839012146, -0.06007493659853935, 0.7820616960525513, 4
0.26365312933921814, -0.06079932302236557, 0.7813097834587097, 4
0.26067936420440674, -0.06149248406291008, 0.7802417874336243, 4
0.25981441140174866, -0.06412839144468307, 0.7797436118125916, 4
0.261979341506958, -0.06260456889867783, 0.7787967324256897, 4
0.2658711373806, -0.062460724264383316, 0.777708113193512, 4
0.2708864212036133, -0.06502168625593185, 0.7767799496650696, 4
0.26389116048812866, -0.06720433384180069, 0.7752730846405029, 4
0.26311859488487244, -0.06703662127256393, 0.7743234634399414, 4
0.26349857449531555, -0.06748513132333755, 0.7741079926490784, 4
0.26315397024154663, -0.0685247927904129, 0.7733089327812195, 4
0.2635628581047058, -0.06795255094766617, 0.7718240022659302, 4
0.26422613859176636, -0.06817643344402313, 0.771068811416626, 4
0.2622358500957489, -0.07152340561151505, 0.7703403830528259, 4
0.2636759877204895, -0.07182671874761581, 0.7689571380615234, 4
0.26460543274879456, -0.07211751490831375, 0.7682569026947021, 4
0.2673948109149933, -0.07103413343429565, 0.7669385075569153, 4
0.2691310942173004, -0.07205551117658615, 0.7662329077720642, 4
0.270259290933609, -0.07168564945459366, 0.764938473701477, 4
0.27208060026168823, -0.07172873616218567, 0.7642540335655212, 4
0.2727870047092438, -0.07089556008577347, 0.7648362517356873, 4
0.2725014388561249, -0.07160762697458267, 0.7643961906433105, 4
0.2741234302520752, -0.07173427194356918, 0.7646765112876892, 4
0.2701027989387512, -0.07206881791353226, 0.7644059658050537, 4
0.2709411382675171, -0.07083432376384735, 0.7652819752693176, 4
0.272907018661499, -0.0688449963927269, 0.7652416229248047, 4
0.2744055688381195, -0.07010242342948914, 0.7652248740196228, 4
0.2784498929977417, -0.07233453541994095, 0.7638205885887146, 4
0.28282302618026733, -0.0716305747628212, 0.7637537717819214, 4
0.28551343083381653, -0.07163162529468536, 0.7637798190116882, 4
0.2791763246059418, -0.07092859596014023, 0.7638539671897888, 4
0.28272417187690735, -0.07179008424282074, 0.7639265656471252, 4
0.2832223176956177, -0.07089538127183914, 0.7640517950057983, 4
0.2854680120944977, -0.07108212262392044, 0.7645240426063538, 4
0.29058393836021423, -0.07143174111843109, 0.7647027373313904, 4
0.29220396280288696, -0.07053520530462265, 0.7637832164764404, 4
0.29535818099975586, -0.07094114273786545, 0.7638401389122009, 4
0.2942180931568146, -0.07276023179292679, 0.763938844203949, 4
0.2959289848804474, -0.07057425379753113, 0.7640079855918884, 4
0.29807984828948975, -0.07047057896852493, 0.7640607953071594, 4
0.3004392087459564, -0.06383481621742249, 0.7649018168449402, 4
0.30147069692611694, -0.06411167979240417, 0.7650139331817627, 4
0.30463945865631104, -0.0634218081831932, 0.7647021412849426, 4
0.30660754442214966, -0.06381997466087341, 0.7647650837898254, 4
0.313688188791275, -0.0652928352355957, 0.7656984925270081, 4
0.31461018323898315, -0.06728805601596832, 0.7658007144927979, 4
0.3162633180618286, -0.06716179102659225, 0.7659257054328918, 4
0.31961917877197266, -0.06698483228683472, 0.7659441828727722, 4
0.31888851523399353, -0.06563331931829453, 0.7651365995407104, 4
0.3220072090625763, -0.06487192213535309, 0.7649889588356018, 4
0.32244673371315, -0.06482039391994476, 0.7640494704246521, 4
0.3265470862388611, -0.06569638848304749, 0.763761043548584, 4
0.3302139937877655, -0.06577073782682419, 0.7632237076759338, 4
0.33244791626930237, -0.06581679731607437, 0.7627925276756287, 4
0.33021149039268494, -0.0641404315829277, 0.7623023390769958, 4
0.3334198296070099, -0.06431953608989716, 0.7624771595001221, 4
0.3326917290687561, -0.06658092141151428, 0.7619830965995789, 4
0.33454689383506775, -0.06529586017131805, 0.762694239616394, 4
0.33641746640205383, -0.06549033522605896, 0.7622600197792053, 4
0.3372405767440796, -0.059356093406677246, 0.761765718460083, 4
0.3392133414745331, -0.06011434271931648, 0.7612760066986084, 4
0.3426010012626648, -0.06086212024092674, 0.7595577239990234, 4
0.3442905843257904, -0.06067361682653427, 0.7589231729507446, 4
0.3470517694950104, -0.06114432215690613, 0.7580567598342896, 4
0.34877997636795044, -0.06177525967359543, 0.7574572563171387, 4
0.3506840765476227, -0.06188259273767471, 0.7573176026344299, 4
0.3400731682777405, -0.06791228801012039, 0.7568250894546509, 4
0.3428134322166443, -0.06912537664175034, 0.7563496232032776, 4
0.34363123774528503, -0.0714430883526802, 0.7553491592407227, 4
0.34558945894241333, -0.07002697885036469, 0.7549017667770386, 4
0.35358726978302, -0.07215207070112228, 0.754526674747467, 4
0.35565677285194397, -0.07255392521619797, 0.7541633248329163, 4
0.35761377215385437, -0.07321634143590927, 0.7529837489128113, 4
0.36115869879722595, -0.07485593855381012, 0.7525903582572937, 4
0.36323225498199463, -0.07512765377759933, 0.753227174282074, 4
0.3562914729118347, -0.07341215759515762, 0.7530094385147095, 4
0.3582479953765869, -0.07436785846948624, 0.7528021931648254, 4
0.3601134419441223, -0.07415226846933365, 0.7526142597198486, 4
0.3620506525039673, -0.07449199259281158, 0.7522577047348022, 4
0.36448609828948975, -0.07667199522256851, 0.7521048188209534, 4
0.3691522479057312, -0.07746101170778275, 0.7519684433937073, 4
0.3736245930194855, -0.07705272734165192, 0.7505755424499512, 4
0.3750549852848053, -0.07707441598176956, 0.7502978444099426, 4
0.3743789792060852, -0.07930873334407806, 0.7511016130447388, 4
0.3769492506980896, -0.07903170585632324, 0.7508821487426758, 4
0.37901926040649414, -0.07919099181890488, 0.7490829825401306, 4
0.3820050358772278, -0.07376430183649063, 0.7487260103225708, 4
0.38499748706817627, -0.07344641536474228, 0.7468892931938171, 4
0.3881553113460541, -0.07354167848825455, 0.7463895082473755, 4
0.39153358340263367, -0.07517274469137192, 0.746631383895874, 4
0.39380085468292236, -0.074393630027771, 0.746218740940094, 4
0.3956351578235626, -0.07550899684429169, 0.7462064623832703, 4
0.39771682024002075, -0.07609546184539795, 0.7458691000938416, 4
0.401280015707016, -0.07534667104482651, 0.7455646991729736, 4
0.4021945893764496, -0.07581295073032379, 0.7459207773208618, 4
0.4012792408466339, -0.0746183693408966, 0.74573814868927, 4
0.4041964113712311, -0.07409735769033432, 0.746973991394043, 4
0.40618884563446045, -0.07370580732822418, 0.7469825148582458, 4
0.40864425897598267, -0.07334557920694351, 0.7470109462738037, 4
0.4111478626728058, -0.07442663609981537, 0.7470332384109497, 4
0.4136751592159271, -0.07382594048976898, 0.7466164827346802, 4
0.41753023862838745, -0.07394546270370483, 0.7465896010398865, 4
0.422087699174881, -0.07541042566299438, 0.7463255524635315, 4
0.4244871437549591, -0.07518822699785233, 0.7462588548660278, 4
0.41735318303108215, -0.07748972624540329, 0.7449132800102234, 4
0.4155348837375641, -0.07575671374797821, 0.7446484565734863, 4
0.41942378878593445, -0.07368498295545578, 0.7434306144714355, 4
0.42120152711868286, -0.07743141800165176, 0.743021547794342, 4
0.42376187443733215, -0.07732826471328735, 0.7425938248634338, 4
0.4275464713573456, -0.07883484661579132, 0.7402423024177551, 4
0.4303491413593292, -0.07871547341346741, 0.7396135330200195, 4
0.4319474697113037, -0.07815663516521454, 0.7395600080490112, 4
0.43393102288246155, -0.07770049571990967, 0.7390100359916687, 4
0.4367426037788391, -0.07853097468614578, 0.739387571811676, 4
0.43887534737586975, -0.07850155234336853, 0.7389426231384277, 4
0.4377024471759796, -0.07873937487602234, 0.7398149371147156, 4
0.43856266140937805, -0.07896291464567184, 0.7395495176315308, 4
0.4411064684391022, -0.08000166714191437, 0.7387436032295227, 4
0.44309788942337036, -0.08002794533967972, 0.7384348511695862, 4
0.44616276025772095, -0.07971879839897156, 0.7404220104217529, 4
0.4483041763305664, -0.07882656157016754, 0.7403347492218018, 4
0.4503065049648285, -0.07882294803857803, 0.7402235269546509, 4
0.45407742261886597, -0.08011924475431442, 0.7382952570915222, 4
0.4561298191547394, -0.08109164237976074, 0.7379623055458069, 4
0.4581793546676636, -0.08117872476577759, 0.7372097373008728, 4
0.4546097218990326, -0.07927439361810684, 0.7367928624153137, 4
0.45796531438827515, -0.0792173221707344, 0.738081693649292, 4
0.4602496922016144, -0.0789642184972763, 0.7377693057060242, 4
0.46134427189826965, -0.0805070549249649, 0.7376067042350769, 4
0.46331825852394104, -0.07752208411693573, 0.7373096942901611, 4
0.4662296175956726, -0.07902248948812485, 0.7377591729164124, 4
0.4682009816169739, -0.07900684326887131, 0.7375410795211792, 4
0.46216586232185364, -0.07832105457782745, 0.7363731265068054, 4
0.4648493528366089, -0.07810457050800323, 0.736014723777771, 4
0.46834051609039307, -0.07820442318916321, 0.7356401085853577, 4
0.470736026763916, -0.07849282026290894, 0.7345213890075684, 4
0.4733889400959015, -0.07843533903360367, 0.7340330481529236, 4
0.4755123555660248, -0.07906026393175125, 0.7318578362464905, 4
0.477536141872406, -0.07892559468746185, 0.7311792969703674, 4
0.479061484336853, -0.07718847692012787, 0.7301313281059265, 4
0.48269689083099365, -0.07737445086240768, 0.7293828129768372, 4
0.48272833228111267, -0.07786858081817627, 0.7306137681007385, 4
0.484838604927063, -0.07698117196559906, 0.7300587296485901, 4
0.487830251455307, -0.07763337343931198, 0.7280054092407227, 4
0.48983827233314514, -0.07754296064376831, 0.7272929549217224, 4
0.4953734278678894, -0.07851120829582214, 0.726991593837738, 4
0.497499018907547, -0.0784410610795021, 0.7263485789299011, 4
0.49964073300361633, -0.07835027575492859, 0.7257628440856934, 4
0.5002052187919617, -0.07551342248916626, 0.7244403958320618, 4
0.5018399953842163, -0.07690442353487015, 0.7238661646842957, 4
0.504106342792511, -0.07700198888778687, 0.7229835987091064, 4
0.5070165395736694, -0.07694888114929199, 0.722502589225769, 4
0.5090706944465637, -0.0779721587896347, 0.7226755023002625, 4
0.5138429403305054, -0.07837225496768951, 0.7223494648933411, 4
0.516214907169342, -0.07784176617860794, 0.7236221432685852, 4
0.5186213254928589, -0.07781118154525757, 0.7235023379325867, 4
0.5180362462997437, -0.07812605798244476, 0.7220262885093689, 4
0.5232359170913696, -0.07766164094209671, 0.7217734456062317, 4
0.526731014251709, -0.07741384208202362, 0.7208907008171082, 4
0.5288830399513245, -0.07553109526634216, 0.7206050753593445, 4
0.5333276987075806, -0.07602519541978836, 0.7205330729484558, 4
0.5353221297264099, -0.07675066590309143, 0.7202780842781067, 4
0.5372270941734314, -0.07621590793132782, 0.7200350165367126, 4
0.5405904650688171, -0.07635971903800964, 0.7188937664031982, 4
0.5429564714431763, -0.07610694319009781, 0.7185567021369934, 4
0.5448835492134094, -0.07671734690666199, 0.7196769118309021, 4
0.5465593934059143, -0.07650170475244522, 0.7194586396217346, 4
0.5488314628601074, -0.07630535215139389, 0.7182315587997437, 4
0.5519103407859802, -0.0747724249958992, 0.7178891897201538, 4
0.5552142262458801, -0.07511204481124878, 0.7168527841567993, 4
0.5581888556480408, -0.07489349693059921, 0.7164549231529236, 4
0.5604689121246338, -0.07466637343168259, 0.7147788405418396, 4
0.5627638101577759, -0.07640746235847473, 0.7142793536186218, 4
0.5616698265075684, -0.07653737813234329, 0.7146619558334351, 4
0.5626326203346252, -0.07575584203004837, 0.7142662405967712, 4
0.5652976632118225, -0.07512832432985306, 0.7138713598251343, 4
0.5699834227561951, -0.07521981000900269, 0.7147478461265564, 4
0.5716025829315186, -0.07673059403896332, 0.7144364714622498, 4
0.5754975080490112, -0.07665251195430756, 0.7147042155265808, 4
0.5775476098060608, -0.07668354362249374, 0.7144074440002441, 4
0.5795359015464783, -0.06998024135828018, 0.7131066918373108, 4
0.5824633836746216, -0.07114799320697784, 0.712695300579071, 4
0.5844218134880066, -0.07105416804552078, 0.7091790437698364, 4
0.5863611102104187, -0.07100609689950943, 0.7084289789199829, 4
0.5744413733482361, -0.07961591333150864, 0.7080355882644653, 4
0.57621830701828, -0.08022784441709518, 0.707310676574707, 4
0.5781998038291931, -0.0809762105345726, 0.7065911889076233, 4
0.579541027545929, -0.0813826471567154, 0.7051289677619934, 4
0.5846731662750244, -0.07439305633306503, 0.7043195962905884, 4
0.5870356559753418, -0.07559208571910858, 0.7037875652313232, 4
0.5884928703308105, -0.07586846500635147, 0.7030218243598938, 4
0.5899810791015625, -0.07479403167963028, 0.702250063419342, 4
0.5907111167907715, -0.07491539418697357, 0.7019027471542358, 4
0.5920630693435669, -0.0772998109459877, 0.7025539875030518, 4
0.5935400128364563, -0.07762841135263443, 0.7020259499549866, 4
0.595483124256134, -0.07837548851966858, 0.7009199261665344, 4
0.5977073907852173, -0.07896732538938522, 0.7003810405731201, 4
0.5998162627220154, -0.07973644882440567, 0.7006741166114807, 4
0.600784420967102, -0.07788462191820145, 0.7002681493759155, 4
0.602902352809906, -0.07810411602258682, 0.6987946629524231, 4
0.6048783659934998, -0.07842064648866653, 0.6983545422554016, 4
0.6070852875709534, -0.07824251055717468, 0.6979670524597168, 4
0.6079737544059753, -0.0795368030667305, 0.6968188881874084, 4
0.6099830865859985, -0.07974939793348312, 0.6964341998100281, 4
0.6110332012176514, -0.07872921973466873, 0.6975520849227905, 4
0.6132681369781494, -0.07969184964895248, 0.6973981857299805, 4
0.6142213940620422, -0.08201619982719421, 0.6983298659324646, 4
0.6169679164886475, -0.08262286335229874, 0.6983512043952942, 4
0.619422197341919, -0.08299984782934189, 0.6986175775527954, 4
0.6223597526550293, -0.08195339143276215, 0.6986749172210693, 4
0.6257960796356201, -0.08252984285354614, 0.6976994872093201, 4
0.6279255747795105, -0.08268356323242188, 0.6976582407951355, 4
0.6309351325035095, -0.0791558101773262, 0.6981322169303894, 4
0.6335760951042175, -0.07996456325054169, 0.6981561183929443, 4
0.6342759728431702, -0.08071836084127426, 0.6984537243843079, 4
0.6367384195327759, -0.08062128722667694, 0.698550283908844, 4
0.6391951441764832, -0.0821550115942955, 0.6986700296401978, 4
0.6402024626731873, -0.08462075144052505, 0.6984737515449524, 4
0.6444240808486938, -0.08443263173103333, 0.6985551118850708, 4
0.6475249528884888, -0.08391451835632324, 0.6963851451873779, 4
0.6483564376831055, -0.08303109556436539, 0.6961683630943298, 4
0.6529003381729126, -0.0832323506474495, 0.6971338987350464, 4
0.6517159938812256, -0.08386716991662979, 0.6969728469848633, 4
0.656112551689148, -0.08347087353467941, 0.6968552470207214, 4
0.6598891019821167, -0.08289767801761627, 0.6966573596000671, 4
0.6599921584129333, -0.08365448564291, 0.6969716548919678, 4
0.6630884408950806, -0.08345431089401245, 0.6968443393707275, 4
0.6657834053039551, -0.08355764299631119, 0.6987141370773315, 4
0.6677812933921814, -0.0851891040802002, 0.698742151260376, 4
0.670179009437561, -0.08455593883991241, 0.6987740397453308, 4
0.6747346520423889, -0.0862613096833229, 0.6955280303955078, 4
0.6772611141204834, -0.08511976897716522, 0.6951393485069275, 4
0.6797993779182434, -0.08592899888753891, 0.6930937170982361, 4
0.6818088293075562, -0.08551643043756485, 0.6924250721931458, 4
0.6831275224685669, -0.08515869081020355, 0.691645085811615, 4
0.6890044808387756, -0.08594920486211777, 0.6908475160598755, 4
0.6904533505439758, -0.08839379251003265, 0.6917555928230286, 4
0.6936541795730591, -0.08812599629163742, 0.691028356552124, 4
0.6966383457183838, -0.08775846660137177, 0.6917117834091187, 4
0.6983571648597717, -0.08871729671955109, 0.6910988688468933, 4
0.7009674310684204, -0.08921155333518982, 0.6898627877235413, 4
0.7029622793197632, -0.08965364098548889, 0.6891654133796692, 4
0.7064777612686157, -0.086786650121212, 0.68904709815979, 4
0.7098261117935181, -0.08651609718799591, 0.6884539127349854, 4
0.7132704854011536, -0.08654636889696121, 0.687872052192688, 4
0.7157642245292664, -0.08684422075748444, 0.6878080368041992, 4
0.717792809009552, -0.08732116967439651, 0.6873911619186401, 4
0.71929532289505, -0.0896192193031311, 0.688991129398346, 4
0.7193083167076111, -0.09056679904460907, 0.6888716816902161, 4
0.72252357006073, -0.09098761528730392, 0.6888185143470764, 4
0.7250669598579407, -0.09269595146179199, 0.6887405514717102, 4
0.7256895899772644, -0.09390631318092346, 0.6856551170349121, 4
0.727972686290741, -0.09461618214845657, 0.6852799654006958, 4
0.7287148833274841, -0.09497319161891937, 0.684165894985199, 4
0.729576051235199, -0.09644311666488647, 0.6837351322174072, 4
0.7326159477233887, -0.09645286202430725, 0.6831812262535095, 4
0.7342584133148193, -0.09535308182239532, 0.6827446818351746, 4
0.7375701665878296, -0.09638043493032455, 0.6822900772094727, 4
0.7396029233932495, -0.0973065197467804, 0.6812849640846252, 4
0.7420012950897217, -0.09763651341199875, 0.6807324886322021, 4
0.744190514087677, -0.09712591767311096, 0.6808026432991028, 4
0.7470175623893738, -0.0966036394238472, 0.6802989840507507, 4
0.7489818930625916, -0.0966881513595581, 0.679391086101532, 4
0.7484555244445801, -0.0956926941871643, 0.6788629293441772, 4
0.7522792816162109, -0.09499996900558472, 0.6800458431243896, 4
0.75352543592453, -0.09471916407346725, 0.6797000169754028, 4
0.7571357488632202, -0.09489364922046661, 0.6787619590759277, 4
0.7590100169181824, -0.09769754856824875, 0.6783509254455566, 4
0.7618243098258972, -0.09823329746723175, 0.678342878818512, 4
0.7662484645843506, -0.09844662249088287, 0.6779568791389465, 4
0.7643494009971619, -0.09513634443283081, 0.6775743365287781, 4
0.7649361491203308, -0.09644844383001328, 0.6773874759674072, 4
0.7665020227432251, -0.09579744935035706, 0.6770613193511963, 4
0.7680513262748718, -0.096516452729702, 0.6767711639404297, 4
0.771126389503479, -0.09649115800857544, 0.6764506101608276, 4
0.7766710519790649, -0.0983334630727768, 0.6751834154129028, 4
0.7785972952842712, -0.09848938882350922, 0.6747419238090515, 4
0.7794049978256226, -0.09912921488285065, 0.6748908162117004, 4
0.7804863452911377, -0.09932051599025726, 0.6745144724845886, 4
0.7829017043113708, -0.09930918365716934, 0.6728881597518921, 4
0.7859191298484802, -0.09930231422185898, 0.6724002361297607, 4
0.7880812287330627, -0.10101215541362762, 0.6708003878593445, 4
0.7899908423423767, -0.10125869512557983, 0.6702165603637695, 4
0.7879778742790222, -0.09904992580413818, 0.6690411567687988, 4
0.7895076274871826, -0.09969828277826309, 0.6684494018554688, 4
0.7915329933166504, -0.09985878318548203, 0.6679060459136963, 4
0.7943809032440186, -0.1011359691619873, 0.6687930822372437, 4
0.7961950302124023, -0.10126026719808578, 0.668474555015564, 4
0.7987775802612305, -0.10278348624706268, 0.6668542623519897, 4
0.8006009459495544, -0.10293761640787125, 0.6664525866508484, 4
0.7995532155036926, -0.10481403023004532, 0.6659823656082153, 4
0.8018203377723694, -0.10466604679822922, 0.6656430959701538, 4
0.8042260408401489, -0.10466638952493668, 0.6659262776374817, 4
0.8065961599349976, -0.1055227592587471, 0.6657437682151794, 4
0.8086927533149719, -0.105845607817173, 0.664574384689331, 4
0.8108468055725098, -0.10526946187019348, 0.66434246301651, 4
0.8136811256408691, -0.10530907660722733, 0.6637054681777954, 4
0.8157049417495728, -0.10657615959644318, 0.6634883880615234, 4
0.8188855648040771, -0.10678546130657196, 0.6624555587768555, 4
0.8184027671813965, -0.1060471311211586, 0.6622113585472107, 4
0.8225580453872681, -0.10605517774820328, 0.6619808673858643, 4
0.8251416683197021, -0.1069033071398735, 0.6634742021560669, 4
0.8238323330879211, -0.10835473239421844, 0.6634820103645325, 4
0.8254045844078064, -0.10802093893289566, 0.6633079648017883, 4
0.827812910079956, -0.10824614018201828, 0.6633273959159851, 4
0.8324351906776428, -0.10806531459093094, 0.6640292406082153, 4
0.8350934386253357, -0.10843073576688766, 0.664174497127533, 4
0.8382874131202698, -0.10874710232019424, 0.6626496911048889, 4
0.8408364057540894, -0.10848019272089005, 0.662651002407074, 4
0.842833399772644, -0.10841251909732819, 0.663196861743927, 4
0.8437080383300781, -0.1087443083524704, 0.6633054614067078, 4
0.8481118083000183, -0.11028879135847092, 0.664415717124939, 4
0.8501760959625244, -0.11018349975347519, 0.6646838784217834, 4
0.8508042097091675, -0.10931898653507233, 0.6650038361549377, 4
0.8542079925537109, -0.1105898842215538, 0.6666024327278137, 4
0.8559319376945496, -0.10912961512804031, 0.6671048402786255, 4
0.8602575063705444, -0.10841899365186691, 0.6678656339645386, 4
0.8647355437278748, -0.10775680840015411, 0.6684159636497498, 4
0.8666136264801025, -0.10823152959346771, 0.6678882241249084, 4
0.8690247535705566, -0.10930441319942474, 0.668366014957428, 4
0.8708544373512268, -0.10847604274749756, 0.6701754331588745, 4
0.8735208511352539, -0.10847051441669464, 0.6708009243011475, 4
0.87589031457901, -0.10845579952001572, 0.6713603734970093, 4
0.8798954486846924, -0.10694534331560135, 0.6719563007354736, 4
0.8832680583000183, -0.10647393763065338, 0.6725432872772217, 4
0.8851546049118042, -0.10631238669157028, 0.673317551612854, 4
0.8861914873123169, -0.10662897676229477, 0.673900842666626, 4
0.8916110396385193, -0.10689724236726761, 0.6719768643379211, 4
0.8940209746360779, -0.10635649412870407, 0.6722443699836731, 4
0.8932161331176758, -0.11048810929059982, 0.6723198890686035, 4
0.8977308869361877, -0.11013854295015335, 0.672477662563324, 4
0.9020847082138062, -0.10862451046705246, 0.6711779832839966, 4
0.9044163823127747, -0.10821227729320526, 0.6711293458938599, 4
0.9040095806121826, -0.10831722617149353, 0.6702496409416199, 4
0.9072824120521545, -0.10774525254964828, 0.6700963377952576, 4
0.9084316492080688, -0.10832159221172333, 0.6703417301177979, 4
0.9122607111930847, -0.10795580595731735, 0.6702231764793396, 4
0.9158632159233093, -0.10746269673109055, 0.6704352498054504, 4
0.920619010925293, -0.10980303585529327, 0.6703693270683289, 4
0.9229175448417664, -0.10958095639944077, 0.6703133583068848, 4
0.9216451048851013, -0.10776059329509735, 0.6705306768417358, 4
0.9199180603027344, -0.10316228121519089, 0.6705015897750854, 4
0.92374187707901, -0.10408251732587814, 0.6698461771011353, 4
0.9273748397827148, -0.10346075892448425, 0.669766366481781, 4
0.9316319823265076, -0.10522947460412979, 0.6706466674804688, 4
0.9342098832130432, -0.1049596294760704, 0.670697033405304, 4
0.9358752369880676, -0.10376027971506119, 0.6712816953659058, 4
0.9388286471366882, -0.10294190794229507, 0.6714155077934265, 4
0.9429041147232056, -0.10397724062204361, 0.6721696853637695, 4
0.9450170993804932, -0.1037474125623703, 0.6724016666412354, 4
0.9450317621231079, -0.10886268317699432, 0.6723890900611877, 4
0.9460113644599915, -0.10690750926733017, 0.6725981831550598, 4
0.9500730037689209, -0.10696611553430557, 0.6721080541610718, 4
0.9524427056312561, -0.10595320910215378, 0.6722306609153748, 4
0.9529089331626892, -0.10663460940122604, 0.6723489165306091, 4
0.956997275352478, -0.10574857145547867, 0.6722948551177979, 4
0.9579218626022339, -0.1044832319021225, 0.6723567247390747, 4
0.960513174533844, -0.10464151203632355, 0.6718259453773499, 4
0.9647458791732788, -0.1060652956366539, 0.6718164682388306, 4
0.9670771360397339, -0.10453078895807266, 0.6710751056671143, 4
0.9696933031082153, -0.10394647717475891, 0.6710391640663147, 4
0.9704873561859131, -0.106664277613163, 0.6694591045379639, 4
0.9737195372581482, -0.1060028150677681, 0.6693463325500488, 4
0.9759082794189453, -0.10583224892616272, 0.6691383719444275, 4
0.9786826968193054, -0.10580461472272873, 0.6690578460693359, 4
0.9832484722137451, -0.106315016746521, 0.6693745255470276, 4
0.9839563369750977, -0.10579771548509598, 0.6693803668022156, 4
0.9877511262893677, -0.10600271821022034, 0.6693859696388245, 4
0.9932473301887512, -0.10482584685087204, 0.6696364283561707, 4
0.9957364201545715, -0.10512513667345047, 0.669671356678009, 4
0.9975957870483398, -0.10514385253190994, 0.6694166660308838, 4
1.0017746686935425, -0.10371419042348862, 0.6694207787513733, 4
1.004175066947937, -0.1032269075512886, 0.6700599789619446, 4
1.0055502653121948, -0.10071490705013275, 0.6701688766479492, 4
1.0091124773025513, -0.10104143619537354, 0.6702002882957458, 4
1.012857437133789, -0.10201607644557953, 0.6703338027000427, 4
1.0144743919372559, -0.10261786729097366, 0.6699102520942688, 4
1.0146372318267822, -0.10184851288795471, 0.6699838638305664, 4
1.0181879997253418, -0.10118439793586731, 0.6696421504020691, 4
1.0198314189910889, -0.10065921396017075, 0.6696919798851013, 4
1.0247962474822998, -0.10018248856067657, 0.6697536706924438, 4
1.0270812511444092, -0.09957748651504517, 0.6703761219978333, 4
1.025879979133606, -0.10149762034416199, 0.6705539226531982, 4
1.0283594131469727, -0.10175685584545135, 0.671313464641571, 4
1.030808448791504, -0.10077594220638275, 0.6715781092643738, 4
1.0349881649017334, -0.09700869023799896, 0.6727840304374695, 4
1.0370255708694458, -0.09684040397405624, 0.6731885671615601, 4
1.0378118753433228, -0.09837248176336288, 0.6730379462242126, 4
1.043526530265808, -0.09675063192844391, 0.6734334826469421, 4
1.0461629629135132, -0.09556393325328827, 0.6739820241928101, 4
1.050473928451538, -0.09822294861078262, 0.6744394302368164, 4
1.0556073188781738, -0.09959249198436737, 0.6753222942352295, 4
1.054861068725586, -0.10114121437072754, 0.6758261322975159, 4
1.055031657218933, -0.10116558521986008, 0.6763250231742859, 4
1.0592279434204102, -0.10000590980052948, 0.6745632886886597, 4
1.0645060539245605, -0.0980946347117424, 0.6748239994049072, 4
1.065444827079773, -0.09915921092033386, 0.6751659512519836, 4
1.0690127611160278, -0.09818549454212189, 0.6754565834999084, 4
1.0722800493240356, -0.0984032154083252, 0.6759124994277954, 4
1.0752578973770142, -0.09791918098926544, 0.6762380599975586, 4
1.0786876678466797, -0.09859839081764221, 0.6776083111763, 4
1.0809742212295532, -0.0997149795293808, 0.6780590415000916, 4
1.0832431316375732, -0.09996773302555084, 0.6768280863761902, 4
1.0842067003250122, -0.09942440688610077, 0.6770919561386108, 4
1.0877749919891357, -0.09780562669038773, 0.6767559051513672, 4
1.0908814668655396, -0.09925218671560287, 0.6769452095031738, 4
1.0905165672302246, -0.09940501302480698, 0.6772533655166626, 4
1.0947420597076416, -0.09812550246715546, 0.6774099469184875, 4
1.0974345207214355, -0.09769951552152634, 0.6775622963905334, 4
1.100363850593567, -0.09790141135454178, 0.6772273778915405, 4
1.1025917530059814, -0.09781670570373535, 0.6773172616958618, 4
1.1024219989776611, -0.09561959654092789, 0.6778985857963562, 4
1.1027941703796387, -0.09429239481687546, 0.6780440807342529, 4
1.104445219039917, -0.09492993354797363, 0.6768564581871033, 4
1.103093147277832, -0.0960048958659172, 0.676934003829956, 4
1.1029475927352905, -0.10156402736902237, 0.6777598261833191, 4
1.1038256883621216, -0.10180608928203583, 0.6779931783676147, 4
1.1054227352142334, -0.10231156647205353, 0.6773045659065247, 4
1.106896162033081, -0.10091731697320938, 0.6774600148200989, 4
1.1083217859268188, -0.09955400973558426, 0.6800817251205444, 4
1.1091700792312622, -0.10070351511240005, 0.6805381774902344, 4
1.10945725440979, -0.09885799884796143, 0.6810078024864197, 4
1.1095616817474365, -0.09791607409715652, 0.6801120638847351, 4
1.1120541095733643, -0.09934480488300323, 0.680433452129364, 4
1.1114064455032349, -0.10071063041687012, 0.6805512309074402, 4
1.1115944385528564, -0.1007702648639679, 0.6808537244796753, 4
1.1093519926071167, -0.10469464212656021, 0.679884135723114, 4
1.1102081537246704, -0.10349742323160172, 0.6800397038459778, 4
1.1138056516647339, -0.10520026087760925, 0.6797050833702087, 4
1.113956093788147, -0.10544389486312866, 0.6797471642494202, 4
1.114093542098999, -0.10571986436843872, 0.6786611676216125, 4
1.1313382387161255, -0.09137358516454697, 0.6785458326339722, 4
1.132737159729004, -0.0931817889213562, 0.6784059405326843, 4
1.133441686630249, -0.09410173445940018, 0.6793924570083618, 4
1.1340832710266113, -0.09405302256345749, 0.6793708801269531, 4
1.13511061668396, -0.09431584924459457, 0.6791953444480896, 4
1.1362191438674927, -0.09375476092100143, 0.6791713237762451, 4
1.133215308189392, -0.0978604257106781, 0.6790745854377747, 4
1.1346160173416138, -0.09805349260568619, 0.6790277361869812, 4
1.1361312866210938, -0.09710162878036499, 0.6793400645256042, 4
1.1365827322006226, -0.09718825668096542, 0.679265558719635, 4
1.1403359174728394, -0.09175241738557816, 0.6782640218734741, 4
1.1408276557922363, -0.0931229218840599, 0.6780712008476257, 4
1.1412221193313599, -0.09312886744737625, 0.6782683730125427, 4
1.1423206329345703, -0.09019749611616135, 0.678157389163971, 4
1.1440062522888184, -0.09064608067274094, 0.6768626570701599, 4
1.1439331769943237, -0.09200271219015121, 0.6766715049743652, 4
1.144022822380066, -0.09162594377994537, 0.6765069365501404, 4
1.1439073085784912, -0.09241349250078201, 0.6773961782455444, 4
1.1441748142242432, -0.09230036288499832, 0.6773783564567566, 4
1.141409158706665, -0.09502292424440384, 0.6768242120742798, 4
1.1421911716461182, -0.09512580186128616, 0.6768050193786621, 4
1.142290711402893, -0.09511867165565491, 0.6768772006034851, 4
1.143336534500122, -0.09100890904664993, 0.6769164204597473, 4
1.1453256607055664, -0.095313161611557, 0.6765885949134827, 4
1.1454578638076782, -0.09533236920833588, 0.6766381859779358, 4
1.1470575332641602, -0.0959024652838707, 0.675615131855011, 4
1.1464067697525024, -0.09535112231969833, 0.6755818724632263, 4
1.1465249061584473, -0.09534455090761185, 0.6765359044075012, 4
1.1466476917266846, -0.09533269703388214, 0.676643967628479, 4
1.1508328914642334, -0.10579988360404968, 0.6776586174964905, 4
1.1510876417160034, -0.10618015378713608, 0.6778731942176819, 4
1.1499807834625244, -0.10707912594079971, 0.6780625581741333, 4
1.150153398513794, -0.10751540213823318, 0.6786217093467712, 4
1.1479500532150269, -0.10568105429410934, 0.6788046956062317, 4
1.1479932069778442, -0.10607156902551651, 0.6790563464164734, 4
1.1492726802825928, -0.1091211661696434, 0.6792393922805786, 4
1.1495050191879272, -0.11030132323503494, 0.6792591214179993, 4
1.1494332551956177, -0.11033127456903458, 0.6793845295906067, 4
1.1494559049606323, -0.1108100637793541, 0.6789095997810364, 4
1.1498793363571167, -0.11188487708568573, 0.6789602637290955, 4
1.14963960647583, -0.11278234422206879, 0.6782389879226685, 4
1.149659276008606, -0.11319535970687866, 0.6782217025756836, 4
1.1496895551681519, -0.11357341706752777, 0.6773236989974976, 4
1.1497182846069336, -0.11390676349401474, 0.6772363185882568, 4
1.1417111158370972, -0.11714936792850494, 0.6771776676177979, 4
1.1414167881011963, -0.11754170060157776, 0.6762137413024902, 4
1.1411114931106567, -0.11789687722921371, 0.6760880351066589, 4
1.14680016040802, -0.11812606453895569, 0.6771578788757324, 4
1.1472053527832031, -0.1187870055437088, 0.6771758794784546, 4
1.146795392036438, -0.11897090077400208, 0.6767181158065796, 4
1.1470133066177368, -0.11956147849559784, 0.6767388582229614, 4
1.1469920873641968, -0.11977178603410721, 0.676856279373169, 4
1.1459221839904785, -0.12085550278425217, 0.6769000887870789, 4
1.1458772420883179, -0.12102529406547546, 0.6773671507835388, 4
1.145028829574585, -0.12554197013378143, 0.6774948835372925, 4
1.145821213722229, -0.1258910745382309, 0.6765726208686829, 4
1.1458691358566284, -0.12595869600772858, 0.6765764355659485, 4
1.1458371877670288, -0.12622328102588654, 0.6765812039375305, 4
1.1461941003799438, -0.1263529509305954, 0.6754953265190125, 4
1.1461626291275024, -0.126583069562912, 0.6754169464111328, 4
1.1461210250854492, -0.12678216397762299, 0.6764352917671204, 4
1.1502777338027954, -0.12816055119037628, 0.6765000820159912, 4
1.15042245388031, -0.1284201294183731, 0.6751121878623962, 4
1.1505582332611084, -0.12864167988300323, 0.6750442385673523, 4
1.1506839990615845, -0.12882253527641296, 0.6766533851623535, 4
1.1430978775024414, -0.13148324191570282, 0.6767791509628296, 4
1.1441935300827026, -0.13171058893203735, 0.6765629053115845, 4
1.1439350843429565, -0.13199689984321594, 0.6766549944877625, 4
1.144337773323059, -0.13200993835926056, 0.6788274049758911, 4
1.1440504789352417, -0.13227352499961853, 0.6791155934333801, 4
1.1466741561889648, -0.13205744326114655, 0.6793935298919678, 4
1.1467440128326416, -0.13263332843780518, 0.679452657699585, 4
1.146357536315918, -0.13297314941883087, 0.6796439290046692, 4
1.1463019847869873, -0.13264934718608856, 0.678692102432251, 4
1.1467230319976807, -0.13274531066417694, 0.6787213087081909, 4
1.1465193033218384, -0.1329972743988037, 0.6784313917160034, 4
1.1470144987106323, -0.13303562998771667, 0.6783761978149414, 4
1.1465678215026855, -0.1324421763420105, 0.6793774366378784, 4
1.1465916633605957, -0.1332186758518219, 0.6793610453605652, 4
1.146785855293274, -0.13481569290161133, 0.678771436214447, 4
1.147788643836975, -0.13481035828590393, 0.6786434054374695, 4
1.1475404500961304, -0.1352401226758957, 0.678290069103241, 4
1.1482579708099365, -0.13693571090698242, 0.6781398057937622, 4
1.148128867149353, -0.1373652219772339, 0.6775950789451599, 4
1.148451805114746, -0.1354472041130066, 0.67738276720047, 4
1.1485097408294678, -0.135676771402359, 0.6771621704101562, 4
1.1484311819076538, -0.1359196901321411, 0.6756229400634766, 4
1.1483474969863892, -0.13613633811473846, 0.6753026247024536, 4
1.1474615335464478, -0.1377241462469101, 0.6748754978179932, 4
1.1473475694656372, -0.1379486471414566, 0.6746005415916443, 4
1.1472421884536743, -0.13814043998718262, 0.6737450361251831, 4
1.1473362445831299, -0.1409936398267746, 0.6734892129898071, 4
1.1474937200546265, -0.14118042588233948, 0.6735205054283142, 4
1.1474065780639648, -0.14143361151218414, 0.6733787059783936, 4
1.1466898918151855, -0.14312157034873962, 0.6735398173332214, 4
1.1471084356307983, -0.14345690608024597, 0.6734958291053772, 4
1.1468216180801392, -0.14364904165267944, 0.6728799343109131, 4
1.148057222366333, -0.1427496373653412, 0.6728047132492065, 4
1.1481417417526245, -0.14321254193782806, 0.672737717628479, 4
1.1480958461761475, -0.14330658316612244, 0.6732443571090698, 4
1.1480529308319092, -0.14337076246738434, 0.6733019351959229, 4
1.143763542175293, -0.14740483462810516, 0.6736604571342468, 4
1.1439754962921143, -0.14743158221244812, 0.6737650036811829, 4
1.1444180011749268, -0.14748023450374603, 0.6739644408226013, 4
1.1441421508789062, -0.14737218618392944, 0.6740915179252625, 4
1.145731806755066, -0.14757268130779266, 0.6745830178260803, 4
1.1455620527267456, -0.14772415161132812, 0.674750804901123, 4
1.1453888416290283, -0.14787951111793518, 0.674159824848175, 4
1.1452159881591797, -0.14801599085330963, 0.6742250323295593, 4
1.1481822729110718, -0.1464921534061432, 0.6733771562576294, 4
1.1487524509429932, -0.14561858773231506, 0.6733446717262268, 4
1.149314522743225, -0.14614790678024292, 0.6732941269874573, 4
1.1489007472991943, -0.14485996961593628, 0.6735390424728394, 4
1.1490453481674194, -0.14480820298194885, 0.6735421419143677, 4
1.1493488550186157, -0.14465312659740448, 0.6749667525291443, 4
1.15056574344635, -0.14515656232833862, 0.6751130819320679, 4
1.1513704061508179, -0.1446654051542282, 0.676429033279419, 4
1.1529977321624756, -0.1448046863079071, 0.6767064332962036, 4
1.1531634330749512, -0.14432892203330994, 0.6758469343185425, 5
1.1546658277511597, -0.14432643353939056, 0.6759904026985168, 5
1.1540472507476807, -0.14391116797924042, 0.6760942935943604, 5
1.1496164798736572, -0.14584940671920776, 0.6762133836746216, 5
1.1507583856582642, -0.14524807035923004, 0.6754084825515747, 5
1.1490881443023682, -0.1453055739402771, 0.6753832697868347, 5
1.1485300064086914, -0.14505113661289215, 0.6753215193748474, 5
1.1493234634399414, -0.14452679455280304, 0.6756183505058289, 5
1.1486787796020508, -0.14441339671611786, 0.6755927801132202, 5
1.1477569341659546, -0.1448979675769806, 0.674677312374115, 5
1.1479490995407104, -0.14484074711799622, 0.6746238470077515, 5
1.146889090538025, -0.14498300850391388, 0.6752265095710754, 5
1.1551417112350464, -0.1450357288122177, 0.6752127408981323, 5
1.1535018682479858, -0.14526887238025665, 0.6727078557014465, 5
1.151628017425537, -0.14550912380218506, 0.6724093556404114, 5
1.1499345302581787, -0.14608393609523773, 0.6741455793380737, 5
1.1488573551177979, -0.1462073028087616, 0.6741216778755188, 5
1.1466983556747437, -0.14671891927719116, 0.6729771494865417, 5
1.1443625688552856, -0.14704591035842896, 0.6728779673576355, 5
1.1443969011306763, -0.14863954484462738, 0.6744483709335327, 5
1.143081545829773, -0.14705117046833038, 0.6745910048484802, 5
1.1405237913131714, -0.1462271511554718, 0.6747332215309143, 5
1.1386635303497314, -0.14787214994430542, 0.6742726564407349, 5
1.1350500583648682, -0.14823907613754272, 0.6743945479393005, 5
1.1318931579589844, -0.1485096514225006, 0.67337566614151, 5
1.1310361623764038, -0.15004028379917145, 0.6734001636505127, 5
1.1256186962127686, -0.1510423719882965, 0.6735501885414124, 5
1.1218159198760986, -0.15146701037883759, 0.6735820770263672, 5
1.1184262037277222, -0.15235908329486847, 0.6729360818862915, 5
1.1237202882766724, -0.15214917063713074, 0.6729355454444885, 5
1.1183098554611206, -0.15209178626537323, 0.6743762493133545, 5
1.1140837669372559, -0.1539982408285141, 0.6745182275772095, 5
1.1100294589996338, -0.15561383962631226, 0.6736545562744141, 5
1.1073375940322876, -0.15593908727169037, 0.6737264394760132, 5
1.1059762239456177, -0.1551513522863388, 0.6737964749336243, 5
1.1009987592697144, -0.15541040897369385, 0.6734894514083862, 5
1.0972397327423096, -0.15820305049419403, 0.6735172867774963, 5
1.0923727750778198, -0.15895964205265045, 0.6697667241096497, 5
1.091047763824463, -0.15792714059352875, 0.6694430112838745, 5
1.0870027542114258, -0.15821848809719086, 0.6698014140129089, 5
1.0828566551208496, -0.15944428741931915, 0.6696057319641113, 5
1.079406499862671, -0.15977461636066437, 0.666928231716156, 5
1.0716896057128906, -0.1610107123851776, 0.6663855910301208, 5
1.0795490741729736, -0.16485632956027985, 0.6665380001068115, 5
1.0733073949813843, -0.16535715758800507, 0.6662814617156982, 5
1.0695898532867432, -0.16622492671012878, 0.6677085161209106, 5
1.0699584484100342, -0.16657929122447968, 0.6678045392036438, 5
1.066131830215454, -0.16721434891223907, 0.6680402159690857, 5
1.0611419677734375, -0.16799674928188324, 0.6694755554199219, 5
1.0595204830169678, -0.16761116683483124, 0.6699637174606323, 5
1.0536415576934814, -0.16836868226528168, 0.6708269119262695, 5
1.049945592880249, -0.16904298961162567, 0.6714796423912048, 5
1.0558669567108154, -0.16808326542377472, 0.671867311000824, 5
1.0519824028015137, -0.16894185543060303, 0.6725693941116333, 5
1.0498384237289429, -0.16952474415302277, 0.6736942529678345, 5
1.0455631017684937, -0.16931790113449097, 0.6744571328163147, 5
1.043896198272705, -0.16955693066120148, 0.6749191284179688, 5
1.037919521331787, -0.17053937911987305, 0.6756575703620911, 5
1.0354551076889038, -0.17089839279651642, 0.6757767796516418, 5
1.032688856124878, -0.1727757304906845, 0.6764222383499146, 5
1.0305323600769043, -0.1722356528043747, 0.6770555973052979, 5
1.0255235433578491, -0.17393627762794495, 0.6753939390182495, 5
1.0229305028915405, -0.17328618466854095, 0.675791323184967, 5
1.0221211910247803, -0.17211005091667175, 0.6757110357284546, 5
1.0229251384735107, -0.17280693352222443, 0.6759382486343384, 5
1.0206613540649414, -0.17185638844966888, 0.6769134402275085, 5
1.0194168090820312, -0.1718018352985382, 0.6769107580184937, 5
1.0206462144851685, -0.17233841121196747, 0.677260160446167, 5
1.0200453996658325, -0.1709565669298172, 0.6768587827682495, 5
1.0198861360549927, -0.17196819186210632, 0.6770592927932739, 5
1.0194593667984009, -0.17141979932785034, 0.676230788230896, 5
1.0166207551956177, -0.17154106497764587, 0.6734209656715393, 5
1.0158121585845947, -0.17157427966594696, 0.6718853712081909, 5
1.0168651342391968, -0.17136523127555847, 0.6718147993087769, 5
1.0167683362960815, -0.17144107818603516, 0.6698657274246216, 5
1.0177333354949951, -0.1720108538866043, 0.6675598621368408, 5
1.0179133415222168, -0.1727752387523651, 0.6672160029411316, 5
1.0181063413619995, -0.17269352078437805, 0.6644176840782166, 5
1.0206995010375977, -0.16912566125392914, 0.6640397906303406, 5
1.0220988988876343, -0.16817216575145721, 0.6608121991157532, 5
1.0232082605361938, -0.1674058586359024, 0.656839907169342, 5
1.0239015817642212, -0.16691304743289948, 0.6529026031494141, 5
1.0254795551300049, -0.16658857464790344, 0.6495333313941956, 5
1.0239087343215942, -0.16748011112213135, 0.6450258493423462, 5
1.0231517553329468, -0.1686934530735016, 0.6386208534240723, 5
1.0226993560791016, -0.16796794533729553, 0.6332718133926392, 5
1.0246692895889282, -0.16967080533504486, 0.6265837550163269, 5
1.0250030755996704, -0.1661335825920105, 0.6203398108482361, 5
1.0305770635604858, -0.1696833074092865, 0.6136826276779175, 5
1.0310604572296143, -0.16841426491737366, 0.6055270433425903, 5
1.0310156345367432, -0.16800063848495483, 0.5980454683303833, 5
1.031475305557251, -0.16744157671928406, 0.5897998213768005, 5
1.0319545269012451, -0.16743983328342438, 0.5818182826042175, 5
1.0247474908828735, -0.17345350980758667, 0.5737122893333435, 5
1.0286542177200317, -0.17805013060569763, 0.5653709173202515, 5
1.0287060737609863, -0.17846371233463287, 0.5567114353179932, 5
1.0277550220489502, -0.18110772967338562, 0.5479552745819092, 5
1.0288251638412476, -0.18014472723007202, 0.5405728220939636, 5
1.0256917476654053, -0.1779433786869049, 0.531661331653595, 5
1.023736596107483, -0.1879742443561554, 0.523116409778595, 5
1.021645188331604, -0.1871146261692047, 0.5140591263771057, 5
1.0222804546356201, -0.18840019404888153, 0.5049645304679871, 5
1.0230422019958496, -0.1899639368057251, 0.49691978096961975, 5
1.0196399688720703, -0.18320007622241974, 0.4878964126110077, 5
1.0232429504394531, -0.18577037751674652, 0.47786563634872437, 5
1.0296217203140259, -0.18373507261276245, 0.4686807096004486, 5
1.006035327911377, -0.20175756514072418, 0.4593620300292969, 5
1.003110408782959, -0.20205600559711456, 0.4499830901622772, 5
1.0113967657089233, -0.19883178174495697, 0.4415079355239868, 5
1.0149532556533813, -0.1983008235692978, 0.43212613463401794, 5
1.0164833068847656, -0.1982150822877884, 0.4212818145751953, 5
1.0041465759277344, -0.20042286813259125, 0.4117130935192108, 5
1.0029085874557495, -0.19732077419757843, 0.4009609818458557, 5
1.003387212753296, -0.1940755844116211, 0.3912985622882843, 5
1.002173900604248, -0.19932454824447632, 0.38165605068206787, 5
1.0034589767456055, -0.19557607173919678, 0.36967331171035767, 5
1.0081599950790405, -0.20872145891189575, 0.35977041721343994, 5
1.0156667232513428, -0.20946075022220612, 0.3490835428237915, 5
1.0017935037612915, -0.1979454606771469, 0.3390912413597107, 5
0.9996849298477173, -0.19723084568977356, 0.32905688881874084, 5
0.9959506392478943, -0.18371543288230896, 0.3191189765930176, 5
0.9967403411865234, -0.18305604159832, 0.31031742691993713, 5
1.003278374671936, -0.1900980919599533, 0.30065828561782837, 5
1.0014512538909912, -0.18403056263923645, 0.29337742924690247, 5
1.0025088787078857, -0.18299280107021332, 0.2841276228427887, 5
0.9955041408538818, -0.17479921877384186, 0.27533069252967834, 5
0.9947850108146667, -0.17257361114025116, 0.26621535420417786, 5
0.9988387823104858, -0.1836857795715332, 0.2551882863044739, 5
1.000562071800232, -0.17860089242458344, 0.24587664008140564, 5
0.9980500936508179, -0.17560237646102905, 0.236592099070549, 5
0.9928609728813171, -0.17638739943504333, 0.2282293736934662, 5
0.9924373030662537, -0.18040847778320312, 0.21914361417293549, 5
0.9886351823806763, -0.1649387925863266, 0.21311771869659424, 5
0.98786461353302, -0.16293954849243164, 0.20442961156368256, 5
0.9848974943161011, -0.16548511385917664, 0.19491249322891235, 5
0.9823206663131714, -0.16794884204864502, 0.18610595166683197, 5
0.9962499141693115, -0.17034459114074707, 0.1771848350763321, 5
0.9948846697807312, -0.17173729836940765, 0.16825266182422638, 5
0.9835972785949707, -0.1737944483757019, 0.15727651119232178, 5
0.9823899269104004, -0.1712043583393097, 0.1480449140071869, 5
0.9838852286338806, -0.17050443589687347, 0.13662990927696228, 5
0.9754242300987244, -0.1723473221063614, 0.1271052360534668, 5
0.9850773215293884, -0.16967910528182983, 0.11786501109600067, 5
0.985162079334259, -0.1702224761247635, 0.10757733881473541, 5
0.9809644222259521, -0.1707141399383545, 0.098178431391716, 5
